T,k,beta,test_error
10.0,100,1.5,0.564158883361278
10.493503267611478,100,1.5,0.5567653656212166
11.011361082737277,100,1.5,0.5494896181243459
11.55477535025535,100,1.5,0.5423297649259982
12.125007289442108,100,1.5,0.5352839599631487
12.723380361157377,100,1.5,0.5283503865784361
13.351283339486864,100,1.5,0.5215272570517633
14.01017353497121,100,1.5,0.5148128121393607
14.701580176902427,100,1.5,0.5082053206201905
15.427107962537775,100,1.5,0.5017030788495775
16.188440781468522,100,1.5,0.4953044103199483
16.987345623787483,100,1.5,0.4890076652285694
17.82567668112595,100,1.5,0.48281122005216925
18.705379650078093,100,1.5,0.47671347712833667
19.628496248000772,100,1.5,0.4707128642435874
20.597168951669577,100,1.5,0.4648078342279912
21.61364596978904,100,1.5,0.45899686455625777
22.680286460897893,100,1.5,0.4532784569551753
23.799566008779642,100,1.5,0.44765113701730275
24.974082368086428,100,1.5,0.4421134538208157
26.206561493511312,100,1.5,0.4366639795554076
27.499863866502213,100,1.5,0.43130130915414944
28.85699113420118,100,1.5,0.42602405993121417
30.281093076017555,100,1.5,0.42083087122537166
31.775474914003755,100,1.5,0.41572040404916166
33.3436049840005,100,1.5,0.41069134074365565
34.98912278535556,100,1.5,0.40574238463871837
36.71584742789879,100,1.5,0.4008722597186798
38.52778649577804,100,1.5,0.39607971029333366
40.429145348728426,100,1.5,0.3913635006741759
42.42433688236211,100,1.5,0.3867224148558007
44.5179917701317,100,1.5,0.38215525620237123
46.71496921073779,100,1.5,0.3776608471390849
49.02036820592467,100,1.5,0.3732380288485526
51.43953939483883,100,1.5,0.36888566097201503
53.97809747241707,100,1.5,0.36460262131531773
56.64193422062594,100,1.5,0.3603878055595696
59.437232182797274,100,1.5,0.35624012697641116
62.37047901279654,100,1.5,0.3521585161478168
65.44848253232736,100,1.5,0.34814192069036143
68.67838653131899,100,1.5,0.3441893049838791
72.067687348068,100,1.5,0.34029964990444306
75.6242512676154,100,1.5,0.33647195256159984
79.35633277873937,100,1.5,0.3327052260397888
83.27259373193655,100,1.5,0.32899849914388013
87.38212344285594,100,1.5,0.3253508161487668
91.69445978784384,100,1.5,0.32176123655294475
96.21961134056087,100,1.5,0.31822883483601805
100.9680806010482,100,1.5,0.3147527002200677
105.95088837115578,100,1.5,0.31133193643482027
111.17959933290628,100,1.5,0.3079656614865582
116.66634888915877,100,1.5,0.30465300743071044
122.42387132886877,100,1.5,0.3013931201480661
128.4655293823131,100,1.5,0.2981851591245515
134.80534523487418,100,1.5,0.29502829723451685
141.45803307136464,100,1.5,0.2919217205274735
148.43903322642566,100,1.5,0.2888646280182292
155.7645480202586,100,1.5,0.2858562314803653
163.45157936286094,100,1.5,0.28289575524300437
171.5179682140439,100,1.5,0.27998243599081507
179.98243599081505,100,1.5,0.27711552256720234
188.86462801822907,100,1.5,0.27429427578063253
198.1851591245514,100,1.5,0.27151796821404384
207.96566148655822,100,1.5,0.26878588403729275
218.22883483601802,100,1.5,0.26609731882258725
228.99849914387997,100,1.5,0.263451579362861
240.29964990444302,100,1.5,0.2608479834930395
252.15851614781684,100,1.5,0.2582858599141544
264.60262131531766,100,1.5,0.2557645480202587
277.6608471390847,100,1.5,0.2532833977280989
291.3635006741758,100,1.5,0.2508417693095009
305.7423846387185,100,1.5,0.2484390332264257
320.8308712253716,100,1.5,0.24607456996865174
336.6639795554073,100,1.5,0.2437477698940436
353.2784569551752,100,1.5,0.2414580330713646
370.71286424358743,100,1.5,0.23920476912559352
389.00766522856935,100,1.5,0.2369873970857049
408.20532062019026,100,1.5,0.23480534523487423
428.350386578436,100,1.5,0.23265805096306907
449.48961812434607,100,1.5,0.23054496062198856
471.6720776545259,100,1.5,0.2284655293823132
494.949248810886,100,1.5,0.22641922109322848
519.3751559698882,100,1.5,0.22440550814418636
545.0064896286245,100,1.5,0.2224238713288688
571.9027379787431,100,1.5,0.22047379971131784
600.1263249735888,100,1.5,0.21855479049419826
629.7427552090026,100,1.5,0.21666634888915876
660.8207659540327,100,1.5,0.214807987989258
693.432486684416,100,1.5,0.2129792286434229
727.6536064890868,100,1.5,0.21117959933290636
763.5635497382514,100,1.5,0.20940863604971316
801.2456604207365,100,1.5,0.20766588217696252
840.7873955784511,100,1.5,0.20595088837115588
882.2805282869017,100,1.5,0.20426321244632029
925.821360652859,100,1.5,0.2026024192599974
971.5109473235286,100,1.5,0.2009680806010482
1019.4553300259765,100,1.5,0.19935977507924535
1069.7657836811518,100,1.5,0.19777708801662353
1122.5590746637126,100,1.5,0.1962196113405609
1177.9577318070592,100,1.5,0.19468694347856388
1236.0903307825577,100,1.5,0.19317868925472725
1297.0917925129716,100,1.5,0.19169445978784388
1361.1036963126903,100,1.5,0.19023387239113754
1428.2746084815285,100,1.5,0.18879655047359267
1498.7604271147418,100,1.5,0.18738212344285599
1572.724743929531,100,1.5,0.18599022660968448
1650.3392239477969,100,1.5,0.18462050109391587
1731.7840039163607,100,1.5,0.18327259373193658
1817.2481103893613,100,1.5,0.1819461569856236
1906.9298984431537,100,1.5,0.18064084885273696
2001.037512041927,100,1.5,0.1793563327787394
2099.7893671225115,100,1.5,0.17809227757002083
2203.4146585195904,100,1.5,0.1768483573085048
2312.153891907834,100,1.5,0.17562425126761544
2426.2594419955467,100,1.5,0.1744196438295827
2545.9961382653482,100,1.5,0.17323422440406494
2671.6418796213625,100,1.5,0.17206768734806804
2803.488279369443,100,1.5,0.17091973188713938
2941.841342027374,100,1.5,0.16979006203781788
3087.0221735358805,100,1.5,0.168678386531319
3239.367726518784,100,1.5,0.16758441873843533
3399.2315823220006,100,1.5,0.1665078765956333
3566.984771646407,100,1.5,0.16544848253232738
3743.0166356791974,100,1.5,0.1644059633993127
3927.735729722376,100,1.5,0.1633800503983373
4121.570771415609,100,1.5,0.16237047901279658
4324.971635754167,100,1.5,0.16137698893953148
4538.410399211334,100,1.5,0.1603993240217133
4762.382435388603,100,1.5,0.15943723218279732
4997.40756473658,100,1.5,0.15849046536152844
5244.031261014965,100,1.5,0.15755877944798252
5502.825917291731,100,1.5,0.15664193422062594
5774.392174419788,100,1.5,0.15573969328437823
6059.360315074416,100,1.5,0.1548518240096608
6358.391726586874,100,1.5,0.15397809747241709
6672.180435969319,100,1.5,0.15311828839508773
7001.454720693739,100,1.5,0.15227217508852608
7346.978798963352,100,1.5,0.15143953939483887
7709.554603399424,100,1.5,0.15062016663113736
8090.023642260101,100,1.5,0.14981384553418473
8489.268952511045,100,1.5,0.14902036820592468
8908.217149280728,100,1.5,0.14823953005987817
9347.840576456998,100,1.5,0.14747112976839366
9809.159563416273,100,1.5,0.14671496921073782
10293.244793123098,100,1.5,0.145970853422013
10801.219787096203,100,1.5,0.14523859054288835
11334.26351300837,100,1.5,0.14451799177013175
11893.613120972308,100,1.5,0.14380887130792958
12480.56681486296,100,1.5,0.14311104631998223
13096.48686534078,100,1.5,0.14242433688236214
13742.80277156845,100,1.5,0.1417485659371232
14421.014578959353,100,1.5,0.14108355924664912
15132.696360658267,100,1.5,0.14042914534872844
15879.499870833977,100,1.5,0.13978515551234588
16663.15837826323,100,1.5,0.13915142369417732
17485.490689103306,100,1.5,0.13852778649577804
18348.405368189557,100,1.5,0.13791408312145287
19253.9051686557,100,1.5,0.1373101553367972
20204.091680157042,100,1.5,0.13671584742789877
21201.170206484974,100,1.5,0.13613100616118912
22247.454883893708,100,1.5,0.13555548074393434
23345.374052017745,100,1.5,0.13498912278535558
24497.47588984603,100,1.5,0.13443178625836866
25706.434329833315,100,1.5,0.13388332746193296
26975.055263874565,100,1.5,0.13334360498400052
28306.28305554678,100,1.5,0.13281247966505466
29703.207373731602,100,1.5,0.13228981456223005
31169.07036347938,100,1.5,0.13177547491400377
32707.274170758283,100,1.5,0.1312693281054492
34321.38883855163,100,1.5,0.13077124363404313
36015.16059263056,100,1.5,0.1302810930760176
37792.52053623214,100,1.5,0.12979875005324765
39657.59377382258,100,1.5,0.12932409020066685
41614.708985121564,100,1.5,0.1288569911342012
43668.40847160745,100,1.5,0.12839733241921447
45823.458698820534,100,1.5,0.12794499553945587
48084.86135893327,100,1.5,0.12749986386650222
50457.864979261096,100,1.5,0.1270618226296872
52947.97710365748,100,1.5,0.12663075888650932
55560.97707506484,100,1.5,0.12620656149351134
58302.9294488879,100,1.5,0.12578912107762366
61180.19806832264,100,1.5,0.12537833000796403
64199.460834306214,100,1.5,0.12497408236808644
67367.7252043687,100,1.5,0.12457627392867221
70692.34445635948,100,1.5,0.12418480212065595
74181.0347547924,100,1.5,0.12379956600877967
77841.89305942143,100,1.5,0.123420466265568
81683.41591761034,100,1.5,0.1230474051457182
85714.51918411112,100,1.5,0.1226802864608979
89944.55871402164,100,1.5,0.12231901555494434
94383.352076946,100,1.5,0.12196349927945868
99041.2013427557,100,1.5,0.12161364596978905
103928.91699183728,100,1.5,0.12126936542139619
109057.8430053166,100,1.5,0.12093056886659549
114439.88319349488,100,1.5,0.1205971689516696
120087.52882360163,100,1.5,0.12026907971434547
126013.88761098507,100,1.5,0.1199462165616304
132232.7141410297,100,1.5,0.11962849624800079
138758.44179240317,100,1.5,0.11931583685393858
145606.2162357259,100,1.5,0.11900815776480961
152791.93058541327,100,1.5,0.1187053796500781
160332.26228626995,100,1.5,0.11840742444285268
168244.71182045134,100,1.5,0.11811421531975777
176547.64332462606,100,1.5,0.11782567668112597
185260.32721160684,100,1.5,0.11754173413150569
194402.98489537672,100,1.5,0.11726231446047942
203996.83572330637,100,1.5,0.11698734562378749
214064.14622449162,100,1.5,0.11671675672475253
224628.28178851632,100,1.5,0.11645047799599975
235713.7608945747,100,1.5,0.11618844078146853
247346.31201682088,100,1.5,0.11593057751871039
259552.93333801624,100,1.5,0.11567682172146901
272361.95541006164,100,1.5,0.11542710796253779
285803.1069068532,100,1.5,0.11518137185689035
299907.58362205816,100,1.5,0.11493955004507979
314708.12087195285,100,1.5,0.11470158017690243
330239.06947137037,100,1.5,0.1144674008953217
346536.4754590798,100,1.5,0.1142369518206481
363638.1637576417,100,1.5,0.11401017353497123
381583.82596190565,100,1.5,0.11378700756683974
400415.1124598945,100,1.5,0.11356739637618533
420175.72909989185,100,1.5,0.11335128333948688
440911.53862807574,100,1.5,0.11313861273517087
462670.6671321315,100,1.5,0.1129293297292445
485503.61573790025,100,1.5,0.1127233803611574
509463.3778182841,100,1.5,0.1125207115298888
534605.5619864543,100,1.5,0.11232127098025621
560988.5211588137,100,1.5,0.11212500728944212
588673.487987254,100,1.5,0.11193186985373546
617724.7169750493,100,1.5,0.11174180887548411
648209.6336062066,100,1.5,0.11155477535025536
680198.9908343966,100,1.5,0.11137072105420079
713767.0332946767,100,1.5,0.11118959853162248
748991.6696191038,100,1.5,0.11101136108273729
785954.6532561838,100,1.5,0.11083596275163593
824741.7722138225,100,1.5,0.11066335831443397
865443.0481661423,100,1.5,0.11049350326761148
908152.9453863049,100,1.5,0.11032635381653852
952970.5899902193,100,1.5,0.11016186686418324
1000000.0,100,1.5,0.11000000000000001
10.0,1000,1.5,0.4957816599629617
10.493503267611478,1000,1.5,0.48838814222290033
11.011361082737277,1000,1.5,0.4811123947260297
11.55477535025535,1000,1.5,0.47395254152768196
12.125007289442108,1000,1.5,0.4669067365648325
12.723380361157377,1000,1.5,0.4599731631801199
13.351283339486864,1000,1.5,0.4531500336534471
14.01017353497121,1000,1.5,0.44643558874104444
14.701580176902427,1000,1.5,0.4398280972218743
15.427107962537775,1000,1.5,0.4333258554512613
16.188440781468522,1000,1.5,0.42692718692163206
16.987345623787483,1000,1.5,0.4206304418302532
17.82567668112595,1000,1.5,0.414433996653853
18.705379650078093,1000,1.5,0.40833625373002047
19.628496248000772,1000,1.5,0.4023356408452711
20.597168951669577,1000,1.5,0.39643061082967496
21.61364596978904,1000,1.5,0.39061964115794157
22.680286460897893,1000,1.5,0.3849012335568591
23.799566008779642,1000,1.5,0.3792739136189865
24.974082368086428,1000,1.5,0.3737362304224995
26.206561493511312,1000,1.5,0.36828675615709133
27.499863866502213,1000,1.5,0.3629240857558332
28.85699113420118,1000,1.5,0.35764683653289797
30.281093076017555,1000,1.5,0.35245364782705546
31.775474914003755,1000,1.5,0.3473431806508454
33.3436049840005,1000,1.5,0.34231411734533945
34.98912278535556,1000,1.5,0.33736516124040217
36.71584742789879,1000,1.5,0.3324950363203636
38.52778649577804,1000,1.5,0.3277024868950174
40.429145348728426,1000,1.5,0.32298627727585966
42.42433688236211,1000,1.5,0.31834519145748447
44.5179917701317,1000,1.5,0.31377803280405503
46.71496921073779,1000,1.5,0.3092836237407687
49.02036820592467,1000,1.5,0.3048608054502364
51.43953939483883,1000,1.5,0.30050843757369883
53.97809747241707,1000,1.5,0.2962253979170015
56.64193422062594,1000,1.5,0.2920105821612534
59.437232182797274,1000,1.5,0.28786290357809496
62.37047901279654,1000,1.5,0.28378129274950054
65.44848253232736,1000,1.5,0.27976469729204523
68.67838653131899,1000,1.5,0.2758120815855629
72.067687348068,1000,1.5,0.27192242650612686
75.6242512676154,1000,1.5,0.26809472916328364
79.35633277873937,1000,1.5,0.26432800264147255
83.27259373193655,1000,1.5,0.26062127574556393
87.38212344285594,1000,1.5,0.2569735927504506
91.69445978784384,1000,1.5,0.25338401315462855
96.21961134056087,1000,1.5,0.24985161143770185
100.9680806010482,1000,1.5,0.24637547682175148
105.95088837115578,1000,1.5,0.24295471303650407
111.17959933290628,1000,1.5,0.23958843808824198
116.66634888915877,1000,1.5,0.23627578403239424
122.42387132886877,1000,1.5,0.23301589674974987
128.4655293823131,1000,1.5,0.2298079357262353
134.80534523487418,1000,1.5,0.2266510738362006
141.45803307136464,1000,1.5,0.2235444971291573
148.43903322642566,1000,1.5,0.220487404619913
155.7645480202586,1000,1.5,0.21747900808204906
163.45157936286094,1000,1.5,0.2145185318446881
171.5179682140439,1000,1.5,0.21160521259249887
179.98243599081505,1000,1.5,0.20873829916888614
188.86462801822907,1000,1.5,0.20591705238231633
198.1851591245514,1000,1.5,0.20314074481572764
207.96566148655822,1000,1.5,0.2004086606389765
218.22883483601802,1000,1.5,0.19772009542427105
228.99849914387997,1000,1.5,0.1950743559645448
240.29964990444302,1000,1.5,0.1924707600947233
252.15851614781684,1000,1.5,0.18990863651583823
264.60262131531766,1000,1.5,0.18738732462194246
277.6608471390847,1000,1.5,0.18490617432978268
291.3635006741758,1000,1.5,0.18246454591118472
305.7423846387185,1000,1.5,0.1800618098281095
320.8308712253716,1000,1.5,0.17769734657033553
336.6639795554073,1000,1.5,0.17537054649572736
353.2784569551752,1000,1.5,0.1730808096730484
370.71286424358743,1000,1.5,0.17082754572727732
389.00766522856935,1000,1.5,0.16861017368738868
408.20532062019026,1000,1.5,0.16642812183655803
428.350386578436,1000,1.5,0.16428082756475287
449.48961812434607,1000,1.5,0.16216773722367234
471.6720776545259,1000,1.5,0.16008830598399698
494.949248810886,1000,1.5,0.15804199769491228
519.3751559698882,1000,1.5,0.15602828474587016
545.0064896286245,1000,1.5,0.15404664793055256
571.9027379787431,1000,1.5,0.1520965763130016
600.1263249735888,1000,1.5,0.15017756709588204
629.7427552090026,1000,1.5,0.14828912549084255
660.8207659540327,1000,1.5,0.1464307645909418
693.432486684416,1000,1.5,0.1446020052451067
727.6536064890868,1000,1.5,0.14280237593459014
763.5635497382514,1000,1.5,0.14103141265139696
801.2456604207365,1000,1.5,0.13928865877864632
840.7873955784511,1000,1.5,0.13757366497283968
882.2805282869017,1000,1.5,0.13588598904800409
925.821360652859,1000,1.5,0.13422519586168116
971.5109473235286,1000,1.5,0.132590857202732
1019.4553300259765,1000,1.5,0.13098255168092915
1069.7657836811518,1000,1.5,0.1293998646183073
1122.5590746637126,1000,1.5,0.12784238794224467
1177.9577318070592,1000,1.5,0.12630972008024766
1236.0903307825577,1000,1.5,0.12480146585641103
1297.0917925129716,1000,1.5,0.12331723638952767
1361.1036963126903,1000,1.5,0.12185664899282132
1428.2746084815285,1000,1.5,0.12041932707527646
1498.7604271147418,1000,1.5,0.11900490004453976
1572.724743929531,1000,1.5,0.11761300321136826
1650.3392239477969,1000,1.5,0.11624327769559965
1731.7840039163607,1000,1.5,0.11489537033362036
1817.2481103893613,1000,1.5,0.1135689335873074
1906.9298984431537,1000,1.5,0.11226362545442076
2001.037512041927,1000,1.5,0.1109791093804232
2099.7893671225115,1000,1.5,0.1097150541717046
2203.4146585195904,1000,1.5,0.10847113391018859
2312.153891907834,1000,1.5,0.10724702786929924
2426.2594419955467,1000,1.5,0.10604242043126647
2545.9961382653482,1000,1.5,0.10485700100574874
2671.6418796213625,1000,1.5,0.10369046394975182
2803.488279369443,1000,1.5,0.10254250848882315
2941.841342027374,1000,1.5,0.10141283863950167
3087.0221735358805,1000,1.5,0.1003011631330028
3239.367726518784,1000,1.5,0.09920719534011911
3399.2315823220006,1000,1.5,0.09813065319731708
3566.984771646407,1000,1.5,0.09707125913401117
3743.0166356791974,1000,1.5,0.0960287400009965
3927.735729722376,1000,1.5,0.09500282700002109
4121.570771415609,1000,1.5,0.09399325561448035
4324.971635754167,1000,1.5,0.09299976554121527
4538.410399211334,1000,1.5,0.09202210062339708
4762.382435388603,1000,1.5,0.09106000878448109
4997.40756473658,1000,1.5,0.09011324196321224
5244.031261014965,1000,1.5,0.08918155604966632
5502.825917291731,1000,1.5,0.08826471082230974
5774.392174419788,1000,1.5,0.087362469886062
6059.360315074416,1000,1.5,0.08647460061134458
6358.391726586874,1000,1.5,0.08560087407410089
6672.180435969319,1000,1.5,0.08474106499677153
7001.454720693739,1000,1.5,0.08389495169020988
7346.978798963352,1000,1.5,0.08306231599652265
7709.554603399424,1000,1.5,0.08224294323282116
8090.023642260101,1000,1.5,0.08143662213586851
8489.268952511045,1000,1.5,0.08064314480760848
8908.217149280728,1000,1.5,0.07986230666156197
9347.840576456998,1000,1.5,0.07909390637007743
9809.159563416273,1000,1.5,0.07833774581242159
10293.244793123098,1000,1.5,0.07759363002369678
10801.219787096203,1000,1.5,0.07686136714457213
11334.26351300837,1000,1.5,0.07614076837181552
11893.613120972308,1000,1.5,0.07543164790961338
12480.56681486296,1000,1.5,0.07473382292166603
13096.48686534078,1000,1.5,0.07404711348404593
13742.80277156845,1000,1.5,0.073371342538807
14421.014578959353,1000,1.5,0.0727063358483329
15132.696360658267,1000,1.5,0.07205192195041224
15879.499870833977,1000,1.5,0.07140793211402968
16663.15837826323,1000,1.5,0.07077420029586112
17485.490689103306,1000,1.5,0.07015056309746184
18348.405368189557,1000,1.5,0.06953685972313664
19253.9051686557,1000,1.5,0.06893293193848099
20204.091680157042,1000,1.5,0.06833862402958257
21201.170206484974,1000,1.5,0.06775378276287292
22247.454883893708,1000,1.5,0.06717825734561812
23345.374052017745,1000,1.5,0.06661189938703937
24497.47588984603,1000,1.5,0.06605456286005243
25706.434329833315,1000,1.5,0.06550610406361675
26975.055263874565,1000,1.5,0.0649663815856843
28306.28305554678,1000,1.5,0.06443525626673846
29703.207373731602,1000,1.5,0.06391259116391382
31169.07036347938,1000,1.5,0.06339825151568755
32707.274170758283,1000,1.5,0.062892104707133
34321.38883855163,1000,1.5,0.06239402023572692
36015.16059263056,1000,1.5,0.06190386967770137
37792.52053623214,1000,1.5,0.061421526654931446
39657.59377382258,1000,1.5,0.06094686680235063
41614.708985121564,1000,1.5,0.06047976773588499
43668.40847160745,1000,1.5,0.060020109020898264
45823.458698820534,1000,1.5,0.05956777214113966
48084.86135893327,1000,1.5,0.059122640468186015
50457.864979261096,1000,1.5,0.05868459923137099
52947.97710365748,1000,1.5,0.05825353548819309
55560.97707506484,1000,1.5,0.05782933809519511
58302.9294488879,1000,1.5,0.057411897679307454
61180.19806832264,1000,1.5,0.05700110660964782
64199.460834306214,1000,1.5,0.05659685896977022
67367.7252043687,1000,1.5,0.056199050530355996
70692.34445635948,1000,1.5,0.05580757872233974
74181.0347547924,1000,1.5,0.05542234261046345
77841.89305942143,1000,1.5,0.05504324286725179
81683.41591761034,1000,1.5,0.054670181747401986
85714.51918411112,1000,1.5,0.054303063062581695
89944.55871402164,1000,1.5,0.053941792156628136
94383.352076946,1000,1.5,0.05358627588114246
99041.2013427557,1000,1.5,0.05323642257147283
103928.91699183728,1000,1.5,0.05289214202307997
109057.8430053166,1000,1.5,0.05255334546827928
114439.88319349488,1000,1.5,0.05221994555335338
120087.52882360163,1000,1.5,0.051891856316029265
126013.88761098507,1000,1.5,0.05156899316331419
132232.7141410297,1000,1.5,0.05125127284968457
138758.44179240317,1000,1.5,0.05093861345562237
145606.2162357259,1000,1.5,0.05063093436649339
152791.93058541327,1000,1.5,0.05032815625176189
160332.26228626995,1000,1.5,0.05003020104453646
168244.71182045134,1000,1.5,0.049736991921441556
176547.64332462606,1000,1.5,0.04944845328280975
185260.32721160684,1000,1.5,0.049164510733189476
194402.98489537672,1000,1.5,0.04888509106216321
203996.83572330637,1000,1.5,0.04861012222547127
214064.14622449162,1000,1.5,0.04833953332643631
224628.28178851632,1000,1.5,0.048073254597683544
235713.7608945747,1000,1.5,0.04781121738315232
247346.31201682088,1000,1.5,0.04755335412039417
259552.93333801624,1000,1.5,0.04729959832315279
272361.95541006164,1000,1.5,0.04704988456422157
285803.1069068532,1000,1.5,0.046804148458574134
299907.58362205816,1000,1.5,0.046562326646763574
314708.12087195285,1000,1.5,0.04632435677858622
330239.06947137037,1000,1.5,0.04609017749700548
346536.4754590798,1000,1.5,0.04585972842233188
363638.1637576417,1000,1.5,0.04563295013665501
381583.82596190565,1000,1.5,0.04540978416852352
400415.1124598945,1000,1.5,0.04519017297786912
420175.72909989185,1000,1.5,0.044974059941170666
440911.53862807574,1000,1.5,0.04476138933685466
462670.6671321315,1000,1.5,0.04455210633092828
485503.61573790025,1000,1.5,0.04434615696284117
509463.3778182841,1000,1.5,0.04414348813157258
534605.5619864543,1000,1.5,0.04394404758193999
560988.5211588137,1000,1.5,0.0437477838911259
588673.487987254,1000,1.5,0.043554646455419246
617724.7169750493,1000,1.5,0.0433645854771679
648209.6336062066,1000,1.5,0.04317755195193914
680198.9908343966,1000,1.5,0.042993497655884574
713767.0332946767,1000,1.5,0.04281237513330627
748991.6696191038,1000,1.5,0.04263413768442108
785954.6532561838,1000,1.5,0.042458739353319716
824741.7722138225,1000,1.5,0.04228613491611775
865443.0481661423,1000,1.5,0.042116279869295274
908152.9453863049,1000,1.5,0.04194913041822231
952970.5899902193,1000,1.5,0.04178464346586702
1000000.0,1000,1.5,0.04162277660168379
10.0,10000,1.5,0.4741588833612779
10.493503267611478,10000,1.5,0.46676536562121657
11.011361082737277,10000,1.5,0.4594896181243459
11.55477535025535,10000,1.5,0.4523297649259982
12.125007289442108,10000,1.5,0.44528395996314873
12.723380361157377,10000,1.5,0.4383503865784361
13.351283339486864,10000,1.5,0.4315272570517633
14.01017353497121,10000,1.5,0.4248128121393607
14.701580176902427,10000,1.5,0.41820532062019056
15.427107962537775,10000,1.5,0.4117030788495775
16.188440781468522,10000,1.5,0.4053044103199483
16.987345623787483,10000,1.5,0.39900766522856945
17.82567668112595,10000,1.5,0.39281122005216923
18.705379650078093,10000,1.5,0.3867134771283367
19.628496248000772,10000,1.5,0.38071286424358736
20.597168951669577,10000,1.5,0.3748078342279912
21.61364596978904,10000,1.5,0.3689968645562578
22.680286460897893,10000,1.5,0.36327845695517536
23.799566008779642,10000,1.5,0.3576511370173027
24.974082368086428,10000,1.5,0.3521134538208157
26.206561493511312,10000,1.5,0.34666397955540756
27.499863866502213,10000,1.5,0.3413013091541494
28.85699113420118,10000,1.5,0.3360240599312142
30.281093076017555,10000,1.5,0.3308308712253717
31.775474914003755,10000,1.5,0.32572040404916164
33.3436049840005,10000,1.5,0.3206913407436557
34.98912278535556,10000,1.5,0.3157423846387184
36.71584742789879,10000,1.5,0.3108722597186798
38.52778649577804,10000,1.5,0.30607971029333364
40.429145348728426,10000,1.5,0.3013635006741759
42.42433688236211,10000,1.5,0.2967224148558007
44.5179917701317,10000,1.5,0.29215525620237126
46.71496921073779,10000,1.5,0.2876608471390849
49.02036820592467,10000,1.5,0.28323802884855265
51.43953939483883,10000,1.5,0.27888566097201506
53.97809747241707,10000,1.5,0.2746026213153177
56.64193422062594,10000,1.5,0.27038780555956965
59.437232182797274,10000,1.5,0.2662401269764112
62.37047901279654,10000,1.5,0.26215851614781677
65.44848253232736,10000,1.5,0.25814192069036146
68.67838653131899,10000,1.5,0.25418930498387915
72.067687348068,10000,1.5,0.25029964990444303
75.6242512676154,10000,1.5,0.24647195256159984
79.35633277873937,10000,1.5,0.24270522603978878
83.27259373193655,10000,1.5,0.23899849914388016
87.38212344285594,10000,1.5,0.23535081614876685
91.69445978784384,10000,1.5,0.23176123655294475
96.21961134056087,10000,1.5,0.22822883483601808
100.9680806010482,10000,1.5,0.22475270022006769
105.95088837115578,10000,1.5,0.22133193643482027
111.17959933290628,10000,1.5,0.2179656614865582
116.66634888915877,10000,1.5,0.21465300743071045
122.42387132886877,10000,1.5,0.21139312014806608
128.4655293823131,10000,1.5,0.20818515912455152
134.80534523487418,10000,1.5,0.20502829723451682
141.45803307136464,10000,1.5,0.2019217205274735
148.43903322642566,10000,1.5,0.1988646280182292
155.7645480202586,10000,1.5,0.1958562314803653
163.45157936286094,10000,1.5,0.19289575524300434
171.5179682140439,10000,1.5,0.18998243599081507
179.98243599081505,10000,1.5,0.18711552256720235
188.86462801822907,10000,1.5,0.18429427578063254
198.1851591245514,10000,1.5,0.18151796821404387
207.96566148655822,10000,1.5,0.17878588403729273
218.22883483601802,10000,1.5,0.17609731882258728
228.99849914387997,10000,1.5,0.173451579362861
240.29964990444302,10000,1.5,0.17084798349303953
252.15851614781684,10000,1.5,0.16828585991415446
264.60262131531766,10000,1.5,0.1657645480202587
277.6608471390847,10000,1.5,0.16328339772809888
291.3635006741758,10000,1.5,0.16084176930950092
305.7423846387185,10000,1.5,0.1584390332264257
320.8308712253716,10000,1.5,0.15607456996865174
336.6639795554073,10000,1.5,0.1537477698940436
353.2784569551752,10000,1.5,0.1514580330713646
370.71286424358743,10000,1.5,0.14920476912559352
389.00766522856935,10000,1.5,0.1469873970857049
408.20532062019026,10000,1.5,0.14480534523487423
428.350386578436,10000,1.5,0.14265805096306908
449.48961812434607,10000,1.5,0.14054496062198857
471.6720776545259,10000,1.5,0.1384655293823132
494.949248810886,10000,1.5,0.1364192210932285
519.3751559698882,10000,1.5,0.13440550814418636
545.0064896286245,10000,1.5,0.1324238713288688
571.9027379787431,10000,1.5,0.13047379971131784
600.1263249735888,10000,1.5,0.12855479049419827
629.7427552090026,10000,1.5,0.12666634888915876
660.8207659540327,10000,1.5,0.12480798798925799
693.432486684416,10000,1.5,0.12297922864342288
727.6536064890868,10000,1.5,0.12117959933290634
763.5635497382514,10000,1.5,0.11940863604971316
801.2456604207365,10000,1.5,0.11766588217696251
840.7873955784511,10000,1.5,0.11595088837115587
882.2805282869017,10000,1.5,0.11426321244632029
925.821360652859,10000,1.5,0.11260241925999737
971.5109473235286,10000,1.5,0.11096808060104821
1019.4553300259765,10000,1.5,0.10935977507924535
1069.7657836811518,10000,1.5,0.1077770880166235
1122.5590746637126,10000,1.5,0.10621961134056089
1177.9577318070592,10000,1.5,0.10468694347856387
1236.0903307825577,10000,1.5,0.10317868925472723
1297.0917925129716,10000,1.5,0.10169445978784387
1361.1036963126903,10000,1.5,0.10023387239113753
1428.2746084815285,10000,1.5,0.09879655047359266
1498.7604271147418,10000,1.5,0.09738212344285596
1572.724743929531,10000,1.5,0.09599022660968447
1650.3392239477969,10000,1.5,0.09462050109391586
1731.7840039163607,10000,1.5,0.09327259373193657
1817.2481103893613,10000,1.5,0.0919461569856236
1906.9298984431537,10000,1.5,0.09064084885273696
2001.037512041927,10000,1.5,0.0893563327787394
2099.7893671225115,10000,1.5,0.0880922775700208
2203.4146585195904,10000,1.5,0.08684835730850479
2312.153891907834,10000,1.5,0.08562425126761544
2426.2594419955467,10000,1.5,0.08441964382958267
2545.9961382653482,10000,1.5,0.08323422440406494
2671.6418796213625,10000,1.5,0.08206768734806802
2803.488279369443,10000,1.5,0.08091973188713936
2941.841342027374,10000,1.5,0.07979006203781787
3087.0221735358805,10000,1.5,0.078678386531319
3239.367726518784,10000,1.5,0.07758441873843532
3399.2315823220006,10000,1.5,0.07650787659563328
3566.984771646407,10000,1.5,0.07544848253232737
3743.0166356791974,10000,1.5,0.0744059633993127
3927.735729722376,10000,1.5,0.0733800503983373
4121.570771415609,10000,1.5,0.07237047901279657
4324.971635754167,10000,1.5,0.07137698893953147
4538.410399211334,10000,1.5,0.0703993240217133
4762.382435388603,10000,1.5,0.06943723218279729
4997.40756473658,10000,1.5,0.06849046536152845
5244.031261014965,10000,1.5,0.06755877944798253
5502.825917291731,10000,1.5,0.06664193422062595
5774.392174419788,10000,1.5,0.06573969328437822
6059.360315074416,10000,1.5,0.06485182400966079
6358.391726586874,10000,1.5,0.06397809747241709
6672.180435969319,10000,1.5,0.06311828839508773
7001.454720693739,10000,1.5,0.062272175088526095
7346.978798963352,10000,1.5,0.061439539394838864
7709.554603399424,10000,1.5,0.06062016663113737
8090.023642260101,10000,1.5,0.05981384553418472
8489.268952511045,10000,1.5,0.059020368205924684
8908.217149280728,10000,1.5,0.05823953005987817
9347.840576456998,10000,1.5,0.05747112976839365
9809.159563416273,10000,1.5,0.056714969210737806
10293.244793123098,10000,1.5,0.05597085342201299
10801.219787096203,10000,1.5,0.05523859054288834
11334.26351300837,10000,1.5,0.05451799177013174
11893.613120972308,10000,1.5,0.05380887130792958
12480.56681486296,10000,1.5,0.05311104631998223
13096.48686534078,10000,1.5,0.05242433688236214
13742.80277156845,10000,1.5,0.051748565937123216
14421.014578959353,10000,1.5,0.05108355924664911
15132.696360658267,10000,1.5,0.050429145348728444
15879.499870833977,10000,1.5,0.049785155512345886
16663.15837826323,10000,1.5,0.04915142369417733
17485.490689103306,10000,1.5,0.04852778649577805
18348.405368189557,10000,1.5,0.04791408312145286
19253.9051686557,10000,1.5,0.0473101553367972
20204.091680157042,10000,1.5,0.046715847427898784
21201.170206484974,10000,1.5,0.04613100616118912
22247.454883893708,10000,1.5,0.04555548074393433
23345.374052017745,10000,1.5,0.04498912278535558
24497.47588984603,10000,1.5,0.04443178625836865
25706.434329833315,10000,1.5,0.04388332746193296
26975.055263874565,10000,1.5,0.043343604984000514
28306.28305554678,10000,1.5,0.04281247966505467
29703.207373731602,10000,1.5,0.042289814562230035
31169.07036347938,10000,1.5,0.04177547491400376
32707.274170758283,10000,1.5,0.0412693281054492
34321.38883855163,10000,1.5,0.04077124363404313
36015.16059263056,10000,1.5,0.04028109307601758
37792.52053623214,10000,1.5,0.03979875005324765
39657.59377382258,10000,1.5,0.039324090200666836
41614.708985121564,10000,1.5,0.0388569911342012
43668.40847160745,10000,1.5,0.038397332419214475
45823.458698820534,10000,1.5,0.037944995539455864
48084.86135893327,10000,1.5,0.037499863866502225
50457.864979261096,10000,1.5,0.0370618226296872
52947.97710365748,10000,1.5,0.0366307588865093
55560.97707506484,10000,1.5,0.03620656149351132
58302.9294488879,10000,1.5,0.035789121077623665
61180.19806832264,10000,1.5,0.03537833000796403
64199.460834306214,10000,1.5,0.034974082368086426
67367.7252043687,10000,1.5,0.034576273928672206
70692.34445635948,10000,1.5,0.03418480212065595
74181.0347547924,10000,1.5,0.03379956600877966
77841.89305942143,10000,1.5,0.033420466265567994
81683.41591761034,10000,1.5,0.033047405145718196
85714.51918411112,10000,1.5,0.032680286460897906
89944.55871402164,10000,1.5,0.03231901555494435
94383.352076946,10000,1.5,0.03196349927945867
99041.2013427557,10000,1.5,0.03161364596978904
103928.91699183728,10000,1.5,0.03126936542139618
109057.8430053166,10000,1.5,0.03093056886659549
114439.88319349488,10000,1.5,0.03059716895166959
120087.52882360163,10000,1.5,0.030269079714345476
126013.88761098507,10000,1.5,0.0299462165616304
132232.7141410297,10000,1.5,0.029628496248000784
138758.44179240317,10000,1.5,0.029315836853938577
145606.2162357259,10000,1.5,0.029008157764809597
152791.93058541327,10000,1.5,0.0287053796500781
160332.26228626995,10000,1.5,0.028407424442852672
168244.71182045134,10000,1.5,0.028114215319757767
176547.64332462606,10000,1.5,0.027825676681125955
185260.32721160684,10000,1.5,0.02754173413150568
194402.98489537672,10000,1.5,0.027262314460479414
203996.83572330637,10000,1.5,0.026987345623787483
214064.14622449162,10000,1.5,0.026716756724752523
224628.28178851632,10000,1.5,0.026450477995999755
235713.7608945747,10000,1.5,0.02618844078146853
247346.31201682088,10000,1.5,0.025930577518710377
259552.93333801624,10000,1.5,0.025676821721468998
272361.95541006164,10000,1.5,0.025427107962537783
285803.1069068532,10000,1.5,0.025181371856890344
299907.58362205816,10000,1.5,0.024939550045079785
314708.12087195285,10000,1.5,0.02470158017690243
330239.06947137037,10000,1.5,0.024467400895321692
346536.4754590798,10000,1.5,0.02423695182064809
363638.1637576417,10000,1.5,0.024010173534971223
381583.82596190565,10000,1.5,0.02378700756683973
400415.1124598945,10000,1.5,0.023567396376185327
420175.72909989185,10000,1.5,0.023351283339486873
440911.53862807574,10000,1.5,0.023138612735170868
462670.6671321315,10000,1.5,0.022929329729244486
485503.61573790025,10000,1.5,0.022723380361157383
509463.3778182841,10000,1.5,0.02252071152988879
534605.5619864543,10000,1.5,0.0223212709802562
560988.5211588137,10000,1.5,0.02212500728944211
588673.487987254,10000,1.5,0.021931869853735454
617724.7169750493,10000,1.5,0.02174180887548411
648209.6336062066,10000,1.5,0.02155477535025535
680198.9908343966,10000,1.5,0.021370721054200778
713767.0332946767,10000,1.5,0.02118959853162248
748991.6696191038,10000,1.5,0.021011361082737285
785954.6532561838,10000,1.5,0.020835962751635927
824741.7722138225,10000,1.5,0.020663358314433958
865443.0481661423,10000,1.5,0.020493503267611485
908152.9453863049,10000,1.5,0.020326353816538523
952970.5899902193,10000,1.5,0.020161866864183232
1000000.0,10000,1.5,0.020000000000000004
10.0,100000,1.5,0.4673211610214463
10.493503267611478,100000,1.5,0.4599276432813849
11.011361082737277,100000,1.5,0.45265189578451426
11.55477535025535,100000,1.5,0.44549204258616654
12.125007289442108,100000,1.5,0.4384462376233171
12.723380361157377,100000,1.5,0.43151266423860446
13.351283339486864,100000,1.5,0.42468953471193166
14.01017353497121,100000,1.5,0.417975089799529
14.701580176902427,100000,1.5,0.4113675982803589
15.427107962537775,100000,1.5,0.40486535650974587
16.188440781468522,100000,1.5,0.39846668798011664
16.987345623787483,100000,1.5,0.3921699428887378
17.82567668112595,100000,1.5,0.3859734977123376
18.705379650078093,100000,1.5,0.37987575478850505
19.628496248000772,100000,1.5,0.3738751419037557
20.597168951669577,100000,1.5,0.36797011188815953
21.61364596978904,100000,1.5,0.36215914221642614
22.680286460897893,100000,1.5,0.3564407346153437
23.799566008779642,100000,1.5,0.35081341467747107
24.974082368086428,100000,1.5,0.34527573148098406
26.206561493511312,100000,1.5,0.3398262572155759
27.499863866502213,100000,1.5,0.33446358681431776
28.85699113420118,100000,1.5,0.32918633759138255
30.281093076017555,100000,1.5,0.32399314888554004
31.775474914003755,100000,1.5,0.31888268170933
33.3436049840005,100000,1.5,0.31385361840382403
34.98912278535556,100000,1.5,0.30890466229888675
36.71584742789879,100000,1.5,0.30403453737884817
38.52778649577804,100000,1.5,0.299241987953502
40.429145348728426,100000,1.5,0.29452577833434423
42.42433688236211,100000,1.5,0.28988469251596904
44.5179917701317,100000,1.5,0.2853175338625396
46.71496921073779,100000,1.5,0.28082312479925325
49.02036820592467,100000,1.5,0.276400306508721
51.43953939483883,100000,1.5,0.2720479386321834
53.97809747241707,100000,1.5,0.26776489897548605
56.64193422062594,100000,1.5,0.263550083219738
59.437232182797274,100000,1.5,0.25940240463657954
62.37047901279654,100000,1.5,0.2553207938079851
65.44848253232736,100000,1.5,0.2513041983505298
68.67838653131899,100000,1.5,0.24735158264404752
72.067687348068,100000,1.5,0.24346192756461144
75.6242512676154,100000,1.5,0.23963423022176822
79.35633277873937,100000,1.5,0.23586750369995715
83.27259373193655,100000,1.5,0.23216077680404854
87.38212344285594,100000,1.5,0.22851309380893522
91.69445978784384,100000,1.5,0.22492351421311313
96.21961134056087,100000,1.5,0.22139111249618645
100.9680806010482,100000,1.5,0.21791497788023606
105.95088837115578,100000,1.5,0.21449421409498864
111.17959933290628,100000,1.5,0.21112793914672656
116.66634888915877,100000,1.5,0.20781528509087882
122.42387132886877,100000,1.5,0.20455539780823445
128.4655293823131,100000,1.5,0.2013474367847199
134.80534523487418,100000,1.5,0.1981905748946852
141.45803307136464,100000,1.5,0.19508399818764188
148.43903322642566,100000,1.5,0.19202690567839759
155.7645480202586,100000,1.5,0.18901850914053367
163.45157936286094,100000,1.5,0.18605803290317272
171.5179682140439,100000,1.5,0.18314471365098345
179.98243599081505,100000,1.5,0.18027780022737072
188.86462801822907,100000,1.5,0.1774565534408009
198.1851591245514,100000,1.5,0.17468024587421224
207.96566148655822,100000,1.5,0.1719481616974611
218.22883483601802,100000,1.5,0.16925959648275565
228.99849914387997,100000,1.5,0.1666138570230294
240.29964990444302,100000,1.5,0.1640102611532079
252.15851614781684,100000,1.5,0.16144813757432283
264.60262131531766,100000,1.5,0.15892682568042707
277.6608471390847,100000,1.5,0.15644567538826726
291.3635006741758,100000,1.5,0.1540040469696693
305.7423846387185,100000,1.5,0.15160131088659407
320.8308712253716,100000,1.5,0.1492368476288201
336.6639795554073,100000,1.5,0.14691004755421197
353.2784569551752,100000,1.5,0.14462031073153298
370.71286424358743,100000,1.5,0.1423670467857619
389.00766522856935,100000,1.5,0.14014967474587328
408.20532062019026,100000,1.5,0.1379676228950426
428.350386578436,100000,1.5,0.13582032862323745
449.48961812434607,100000,1.5,0.13370723828215694
471.6720776545259,100000,1.5,0.1316278070424816
494.949248810886,100000,1.5,0.12958149875339686
519.3751559698882,100000,1.5,0.12756778580435474
545.0064896286245,100000,1.5,0.12558614898903717
571.9027379787431,100000,1.5,0.12363607737148621
600.1263249735888,100000,1.5,0.12171706815436664
629.7427552090026,100000,1.5,0.11982862654932713
660.8207659540327,100000,1.5,0.11797026564942638
693.432486684416,100000,1.5,0.11614150630359127
727.6536064890868,100000,1.5,0.11434187699307473
763.5635497382514,100000,1.5,0.11257091370988155
801.2456604207365,100000,1.5,0.1108281598371309
840.7873955784511,100000,1.5,0.10911316603132426
882.2805282869017,100000,1.5,0.10742549010648868
925.821360652859,100000,1.5,0.10576469692016575
971.5109473235286,100000,1.5,0.1041303582612166
1019.4553300259765,100000,1.5,0.10252205273941374
1069.7657836811518,100000,1.5,0.10093936567679189
1122.5590746637126,100000,1.5,0.09938188900072928
1177.9577318070592,100000,1.5,0.09784922113873226
1236.0903307825577,100000,1.5,0.09634096691489562
1297.0917925129716,100000,1.5,0.09485673744801226
1361.1036963126903,100000,1.5,0.09339615005130592
1428.2746084815285,100000,1.5,0.09195882813376105
1498.7604271147418,100000,1.5,0.09054440110302435
1572.724743929531,100000,1.5,0.08915250426985286
1650.3392239477969,100000,1.5,0.08778277875408425
1731.7840039163607,100000,1.5,0.08643487139210496
1817.2481103893613,100000,1.5,0.08510843464579199
1906.9298984431537,100000,1.5,0.08380312651290535
2001.037512041927,100000,1.5,0.08251861043890779
2099.7893671225115,100000,1.5,0.0812545552301892
2203.4146585195904,100000,1.5,0.08001063496867318
2312.153891907834,100000,1.5,0.07878652892778383
2426.2594419955467,100000,1.5,0.07758192148975106
2545.9961382653482,100000,1.5,0.07639650206423333
2671.6418796213625,100000,1.5,0.07522996500823641
2803.488279369443,100000,1.5,0.07408200954730775
2941.841342027374,100000,1.5,0.07295233969798626
3087.0221735358805,100000,1.5,0.0718406641914874
3239.367726518784,100000,1.5,0.0707466963986037
3399.2315823220006,100000,1.5,0.06967015425580167
3566.984771646407,100000,1.5,0.06861076019249576
3743.0166356791974,100000,1.5,0.06756824105948109
3927.735729722376,100000,1.5,0.06654232805850568
4121.570771415609,100000,1.5,0.06553275667296495
4324.971635754167,100000,1.5,0.06453926659969986
4538.410399211334,100000,1.5,0.06356160168188167
4762.382435388603,100000,1.5,0.06259950984296568
4997.40756473658,100000,1.5,0.06165274302169683
5244.031261014965,100000,1.5,0.0607210571081509
5502.825917291731,100000,1.5,0.05980421188079433
5774.392174419788,100000,1.5,0.05890197094454659
6059.360315074416,100000,1.5,0.05801410166982917
6358.391726586874,100000,1.5,0.057140375132585464
6672.180435969319,100000,1.5,0.056280566055256116
7001.454720693739,100000,1.5,0.05543445274869447
7346.978798963352,100000,1.5,0.05460181705500724
7709.554603399424,100000,1.5,0.05378244429130574
8090.023642260101,100000,1.5,0.052976123194353096
8489.268952511045,100000,1.5,0.05218264586609306
8908.217149280728,100000,1.5,0.051401807720046544
9347.840576456998,100000,1.5,0.050633407428562024
9809.159563416273,100000,1.5,0.04987724687090618
10293.244793123098,100000,1.5,0.04913313108218136
10801.219787096203,100000,1.5,0.04840086820305672
11334.26351300837,100000,1.5,0.04768026943030011
11893.613120972308,100000,1.5,0.04697114896809795
12480.56681486296,100000,1.5,0.046273323980150605
13096.48686534078,100000,1.5,0.04558661454253051
13742.80277156845,100000,1.5,0.04491084359729159
14421.014578959353,100000,1.5,0.044245836906817486
15132.696360658267,100000,1.5,0.04359142300889682
15879.499870833977,100000,1.5,0.04294743317251426
16663.15837826323,100000,1.5,0.04231370135434571
17485.490689103306,100000,1.5,0.04169006415594642
18348.405368189557,100000,1.5,0.04107636078162123
19253.9051686557,100000,1.5,0.040472432996965575
20204.091680157042,100000,1.5,0.03987812508806716
21201.170206484974,100000,1.5,0.039293283821357494
22247.454883893708,100000,1.5,0.03871775840410271
23345.374052017745,100000,1.5,0.03815140044552395
24497.47588984603,100000,1.5,0.03759406391853702
25706.434329833315,100000,1.5,0.03704560512210133
26975.055263874565,100000,1.5,0.03650588264416889
28306.28305554678,100000,1.5,0.035974757325223046
29703.207373731602,100000,1.5,0.03545209222239841
31169.07036347938,100000,1.5,0.034937752574172136
32707.274170758283,100000,1.5,0.03443160576561757
34321.38883855163,100000,1.5,0.033933521294211504
36015.16059263056,100000,1.5,0.03344337073618595
37792.52053623214,100000,1.5,0.03296102771341603
39657.59377382258,100000,1.5,0.03248636786083522
41614.708985121564,100000,1.5,0.032019268794369574
43668.40847160745,100000,1.5,0.03155961007938285
45823.458698820534,100000,1.5,0.031107273199624245
48084.86135893327,100000,1.5,0.030662141526670603
50457.864979261096,100000,1.5,0.030224100289855577
52947.97710365748,100000,1.5,0.029793036546677684
55560.97707506484,100000,1.5,0.029368839153679698
58302.9294488879,100000,1.5,0.028951398737792042
61180.19806832264,100000,1.5,0.02854060766813241
64199.460834306214,100000,1.5,0.028136360028254807
67367.7252043687,100000,1.5,0.027738551588840584
70692.34445635948,100000,1.5,0.027347079780824332
74181.0347547924,100000,1.5,0.02696184366894804
77841.89305942143,100000,1.5,0.026582743925736375
81683.41591761034,100000,1.5,0.026209682805886574
85714.51918411112,100000,1.5,0.025842564121066284
89944.55871402164,100000,1.5,0.025481293215112725
94383.352076946,100000,1.5,0.02512577693962705
99041.2013427557,100000,1.5,0.02477592362995742
103928.91699183728,100000,1.5,0.02443164308156456
109057.8430053166,100000,1.5,0.024092846526763866
114439.88319349488,100000,1.5,0.02375944661183797
120087.52882360163,100000,1.5,0.023431357374513854
126013.88761098507,100000,1.5,0.02310849422179878
132232.7141410297,100000,1.5,0.02279077390816916
138758.44179240317,100000,1.5,0.02247811451410696
145606.2162357259,100000,1.5,0.022170435424977975
152791.93058541327,100000,1.5,0.02186765731024648
160332.26228626995,100000,1.5,0.02156970210302105
168244.71182045134,100000,1.5,0.021276492979926148
176547.64332462606,100000,1.5,0.020987954341294336
185260.32721160684,100000,1.5,0.02070401179167406
194402.98489537672,100000,1.5,0.020424592120647796
203996.83572330637,100000,1.5,0.020149623283955864
214064.14622449162,100000,1.5,0.019879034384920904
224628.28178851632,100000,1.5,0.019612755656168133
235713.7608945747,100000,1.5,0.01935071844163691
247346.31201682088,100000,1.5,0.019092855178878758
259552.93333801624,100000,1.5,0.018839099381637376
272361.95541006164,100000,1.5,0.01858938562270616
285803.1069068532,100000,1.5,0.018343649517058722
299907.58362205816,100000,1.5,0.018101827705248163
314708.12087195285,100000,1.5,0.01786385783707081
330239.06947137037,100000,1.5,0.01762967855549007
346536.4754590798,100000,1.5,0.01739922948081647
363638.1637576417,100000,1.5,0.0171724511951396
381583.82596190565,100000,1.5,0.016949285227008108
400415.1124598945,100000,1.5,0.016729674036353705
420175.72909989185,100000,1.5,0.01651356099965525
440911.53862807574,100000,1.5,0.016300890395339246
462670.6671321315,100000,1.5,0.016091607389412864
485503.61573790025,100000,1.5,0.01588565802132576
509463.3778182841,100000,1.5,0.01568298919005717
534605.5619864543,100000,1.5,0.01548354864042458
560988.5211588137,100000,1.5,0.015287284949610491
588673.487987254,100000,1.5,0.015094147513903833
617724.7169750493,100000,1.5,0.014904086535652492
648209.6336062066,100000,1.5,0.01471705301042373
680198.9908343966,100000,1.5,0.01453299871436916
713767.0332946767,100000,1.5,0.014351876191790859
748991.6696191038,100000,1.5,0.014173638742905665
785954.6532561838,100000,1.5,0.013998240411804305
824741.7722138225,100000,1.5,0.013825635974602337
865443.0481661423,100000,1.5,0.013655780927779863
908152.9453863049,100000,1.5,0.0134886314767069
952970.5899902193,100000,1.5,0.013324144524351612
1000000.0,100000,1.5,0.013162277660168382
