cycle,H1_recursive,H2_recursive,H3_recursive,H4_recursive,H1_anchored,H2_anchored,H3_anchored,H4_anchored
0,0.45,0.25,0.2,0.10000000000000003,0.45,0.22,0.205,0.12500000000000008
1,0.4822465074841911,0.2378073561251785,0.1891918937813531,0.09075424260927734,0.4564848637311882,0.22374024200155684,0.20484583771347228,0.11492905655378263
2,0.5124133404785263,0.22620935450898988,0.17896786336287396,0.0824094416496099,0.46261928198227564,0.22742211877763568,0.20438525213473618,0.10557334710535249
3,0.5406346234610091,0.21517699410626445,0.16929634497812285,0.0748920374546036,0.4684221930131263,0.2309881758725814,0.20362392365786844,0.09696570745642388
4,0.5670358308176757,0.20468268826949546,0.16014748058336162,0.0681340003294672,0.473911511649983,0.2343827661581261,0.20257124173397245,0.08913448045791844
5,0.5917343447131054,0.19470019576785122,0.1514930256793933,0.06207243383965011,0.47910418459236404,0.23755291818821386,0.2012401890712382,0.08210270814818388
6,0.6148399769821804,0.18520455517042947,0.14330626211475786,0.05664920573263227,0.4840162427311453,0.24044916280070003,0.1996471815194237,0.07588741294873094
7,0.636455457363472,0.17617202242967836,0.13556191560109007,0.05181060460575959,0.488662850639346,0.2430263050670808,0.19781186561346048,0.07049897868011273
8,0.6566768902449841,0.16758001150890983,0.12823607768599093,0.04750702056011513,0.4930583533884055,0.2452441295442369,0.19575687627307362,0.06594064079428405
9,0.6755941819529868,0.15940703790544333,0.1213061319425267,0.04369264819904316,0.49721632083448397,0.24706802782297285,0.1935075576467035,0.062208093695839656
10,0.6932914404837041,0.15163266492815836,0.11475068414748656,0.04032521044065103,0.5011495895115081,0.2484695385806676,0.1910916505425557,0.059289221365268624
11,0.7098473494551003,0.14423745259512166,0.10854949623284438,0.03736570171693365,0.5048703022602934,0.24942679171069468,0.1885389503016874,0.05716395572732452
12,0.7253355179413892,0.1372029090235066,0.1026834238065184,0.034778149228585825,0.508389945716089,0.24992484959812164,0.18588093933257474,0.055804265353214644
13,0.7398248077456591,0.130511444190254,0.09713435704954247,0.032529391014544454,0.5117193857702745,0.24995594021619494,0.18315039883910683,0.05517427517442369
14,0.7533796395657009,0.12414632594785238,0.09188516480718532,0.03058886967926143,0.5148689011156888,0.2495195784062181,0.18038100453055805,0.055230515947535
15,0.7660602794142788,0.11809163818525367,0.08691964170141564,0.0289284406990519,0.5178482149791506,0.2486225734482908,0.1776069112996406,0.05592230027291803
16,0.7779231065672938,0.11233224102930539,0.0822224581014375,0.027522194301963315,0.5206665251391375,0.24727892280477046,0.17486233199079604,0.057192220065296034
17,0.789020864231162,0.10685373298718166,0.0777791127978446,0.02634628998381172,0.5233325323212933,0.24550959369455355,0.17218111545376902,0.058976758530384144
18,0.799402894043899,0.10164241493514978,0.07357588823428847,0.025378802786662782,0.525854467059427,0.24334219590663764,0.16959632908632144,0.06120700794761397
19,0.8091153554525208,0.09668525586362531,0.06959980815845106,0.024599580525402856,0.5282401151049294,0.24081055095859816,0.1671398510145806,0.06380948292189184
20,0.8182014309421366,0.09196986029286058,0.06583859756158111,0.023990111203421705,0.5304968414630513,0.2379541643231187,0.1648419769406541,0.06670701727317588
21,0.8267015180291968,0.08748443727778883,0.06228064478291954,0.02353339991009485,0.5326316131302483,0.23481760895830267,0.16273104650625309,0.06981973140519593
22,0.8346534088725186,0.08321777092451989,0.05891496566202147,0.023213854540940042,0.5346510206027871,0.23144982976156994,0.16083309378037497,0.07306605585526796
23,0.8420924583006552,0.0791591923447633,0.05573116962830617,0.023017179726275372,0.5365612982230163,0.22790337980090264,0.15917152618157523,0.07636379579450578
24,0.8490517410026723,0.07529855297805052,0.052719427623145354,0.022930278396131792,0.5383683434261128,0.224233600241796,0.15776683579467396,0.0796312205374172
25,0.8555621985812192,0.07162619921504752,0.049870441755459245,0.022941160448274052,0.5400777349467245,0.22049775676688044,0.15663634664222378,0.08278816164417127
26,0.8616527771217016,0.06813294825850315,0.04717541659714,0.02303885802265522,0.541694750041716,0.21675414596409676,0.15579400102763563,0.08575710296655165
27,0.8673505558892067,0.06481006516147288,0.044626032029685965,0.023213346919634427,0.5432243807821884,0.21306118562793935,0.15525018758498885,0.08846424600488342
28,0.8726808677253726,0.06164924098540162,0.04221441755821804,0.02345547373100778,0.5446713494650692,0.2094765031693114,0.15501161315618445,0.09084053420943491
29,0.8776674116805026,0.05864257202344941,0.03993312801358037,0.023756888282467664,0.5460401231918518,0.20605603635905173,0.15508122007557856,0.0928226203735179
30,0.8823323583816937,0.055782540037107455,0.037775120567512366,0.02410998101368652,0.5473349276594925,0.2028531604377297,0.155458149882223,0.09435376202055476
31,0.8866964486054583,0.05306199345668576,0.03573373298993303,0.024507824947922946,0.5485597602060401,0.19991785521286792,0.1561377539072496,0.09538463067384234
32,0.8907790854930981,0.050474129498663846,0.03380266308121322,0.02494412192702479,0.5497184021512721,0.19729592514076216,0.1571116506058238,0.09587402210214194
33,0.8945984208188331,0.048012477155188533,0.031975949215938784,0.025413152810039565,0.5508144304704368,0.19502828456326038,0.1583678289265941,0.09578945603970876
34,0.8981714356942361,0.045670881013183666,0.030247951938099156,0.025909731354481103,0.5518512288371406,0.1931503192531425,0.15989079644378315,0.09510765546593378
35,0.9015140160677975,0.043443485862611285,0.028613336550881642,0.02642916151870961,0.552831998069471,0.19169133423097112,0.16166177042501043,0.09381489727454742
36,0.9046410233552937,0.04132472205539663,0.027067056647322542,0.026967197941987098,0.5537597660116065,0.1906740964700471,0.1636589094784097,0.09190722803993676
37,0.9075663605149913,0.0393092915784069,0.025604338530970574,0.027520009375631236,0.5546373968814177,0.19011447962540562,0.16585758292214214,0.08939054057103457
38,0.9103030338614608,0.037392154805658766,0.024220666478465946,0.028084144854414458,0.5554676001129204,0.19002121633073865,0.16823067455417465,0.0862805090021663
39,0.9128632108928331,0.0355685178966284,0.022911768798537548,0.02865650241200099,0.5562529387208774,0.19039576192856678,0.17074891707593653,0.08260238227461925
40,0.9152582743885993,0.033833820809153176,0.021673604644379174,0.029234300157868348,0.5569958372133725,0.19123227176010585,0.1733812530454129,0.07839063798110874
41,0.9174988730184828,0.03218372589695106,0.020502351538692135,0.029815049545874044,0.5576985890767847,0.19251769236921268,0.17609521790804666,0.07368850064595595
42,0.919594968687391,0.030614107063245476,0.019394393572881013,0.030396530676482517,0.5583633638562714,0.19423196519720223,0.17885734038153547,0.0685473305649909
43,0.9215558808269493,0.02912103944337424,0.01834631024397131,0.03097676948570517,0.5589922138536172,0.1963483395899471,0.1816335552565847,0.063025891299851
44,0.9233903278305393,0.027700789590583468,0.017354865894785847,0.03155401668409137,0.5595870804631284,0.19883379023288825,0.18438962352255198,0.05718950578143134
45,0.925106465816068,0.026349806140466083,0.016416999724779762,0.03212672831868611,0.5601498001651322,0.20164953250002304,0.18709155463658064,0.05110911269826415
46,0.9267119248888083,0.025064710930700937,0.01552981634069518,0.03269354783979561,0.5606821101955829,0.20475162767502225,0.1897060257283844,0.044860236401010445
47,0.9282138430655391,0.023842290553887403,0.014690576817863616,0.03325328956270987,0.5611856539092819,0.2080916686002026,0.19220079257063744,0.0385218849198781
48,0.9296188980108169,0.022679488322353128,0.01389669024456031,0.03380492342226969,0.5616619858532639,0.21161753505403222,0.19454508724647926,0.032175391846224644
49,0.9309333367264774,0.021573396624842624,0.013145705723306096,0.0343475609253739,0.5621125765660163,0.21527420706975572,0.19670999760970814,0.025903218754519813
50,0.9321630033263738,0.0205212496559747,0.012435304804423265,0.03488044221322823,0.562538817117346,0.2190046235035733,0.1986688238577862,0.01978773552129451
51,0.933313365019837,0.019520416500288292,0.011763294328485977,0.03540292415138876,0.5629420234029084,0.22275057245470534,0.20039740782004833,0.013909996322337886
52,0.9343895364193846,0.01856839455358347,0.011127599655568563,0.035914469371463364,0.5633234402066589,0.22645359964263448,0.2018744309000083,0.008348529250698289
53,0.9353963022807525,0.0176628032651074,0.010526258260388742,0.036414636193751314,0.5636842450437668,0.23005592056660257,0.2030816769972453,0.0031781573923853335
54,0.9363381387763537,0.01680137818493744,0.00995741367357279,0.03690306936513603,0.5640255517958563,0.23350132221341852,0.20400425716625914,-0.0015311311755339951
55,0.9372192333967463,0.015981965301676893,0.009419309750337883,0.03737949155123894,0.5643484141497973,0.2367360402427282,0.20463079324158104,-0.005715247634106552
56,0.9380435035685973,0.015202515656304493,0.00891028524889794,0.037843695526200226,0.5646538288506613,0.23970959796156366,0.20495355816449387,-0.009316984976718817
57,0.9388146140719171,0.014461080218709614,0.008428768701855282,0.03829553700751798,0.5649427387788868,0.24237559399625463,0.2049685712807155,-0.012286904055856918
58,0.9395359933340042,0.013755805014101808,0.007973273564744988,0.03873492808714903,0.565216035861153,0.24469242637034516,0.2046756474337399,-0.014584109665238043
59,0.9402108486725436,0.013084926487108095,0.007542393626754522,0.03916183121359382,0.5654745638239473,0.24662394168952226,0.20407839924836935,-0.016176904761838945
