T_real,T_AI,k,beta,test_error
100,10.0,1000,1.5,0.24032917884400695
100,10.493503267611478,1000,1.5,0.24001799610206465
100,11.011361082737277,1000,1.5,0.2396934427135739
100,11.55477535025535,1000,1.5,0.23935503597462549
100,12.125007289442108,1000,1.5,0.2390022840170694
100,12.723380361157377,1000,1.5,0.23863468641328683
100,13.351283339486864,1000,1.5,0.23825173486619572
100,14.01017353497121,1000,1.5,0.23785291398878727
100,14.701580176902427,1000,1.5,0.23743770217724686
100,15.427107962537775,1000,1.5,0.2370055725813991
100,16.188440781468522,1000,1.5,0.23655599417582257
100,16.987345623787483,1000,1.5,0.23608843293449766
100,17.82567668112595,1000,1.5,0.23560235311128097
100,18.705379650078093,1000,1.5,0.2350972186278314
100,19.628496248000772,1000,1.5,0.2345724945698494
100,20.597168951669577,1000,1.5,0.2340276487916239
100,21.61364596978904,1000,1.5,0.23346215362791595
100,22.680286460897893,1000,1.5,0.23287548771114158
100,23.799566008779642,1000,1.5,0.2322671378906569
100,24.974082368086428,1000,1.5,0.2316366012496931
100,26.206561493511312,1000,1.5,0.23098338721416029
100,27.499863866502213,1000,1.5,0.23030701974613177
100,28.85699113420118,1000,1.5,0.22960703961336182
100,30.281093076017555,1000,1.5,0.2288830067246888
100,31.775474914003755,1000,1.5,0.2281345025196559
100,33.3436049840005,1000,1.5,0.2273611323991624
100,34.98912278535556,1000,1.5,0.2265625281824712
100,36.71584742789879,1000,1.5,0.2257383505744603
100,38.52778649577804,1000,1.5,0.22488829162566076
100,40.429145348728426,1000,1.5,0.22401207716638777
100,42.42433688236211,1000,1.5,0.22310946919518898
100,44.5179917701317,1000,1.5,0.2221802682009309
100,46.71496921073779,1000,1.5,0.22122431539715048
100,49.02036820592467,1000,1.5,0.2202414948468528
100,51.43953939483883,1000,1.5,0.21923173545575225
100,53.97809747241707,1000,1.5,0.21819501281207015
100,56.64193422062594,1000,1.5,0.21713135085142515
100,59.437232182797274,1000,1.5,0.21604082332610647
100,62.37047901279654,1000,1.5,0.21492355505910482
100,65.44848253232736,1000,1.5,0.213779722964698
100,68.67838653131899,1000,1.5,0.2126095568191384
100,72.067687348068,1000,1.5,0.21141333976705196
100,75.6242512676154,1000,1.5,0.21019140855151652
100,79.35633277873937,1000,1.5,0.20894415345840367
100,83.27259373193655,1000,1.5,0.20767201796841128
100,87.38212344285594,1000,1.5,0.20637549811323824
100,91.69445978784384,1000,1.5,0.20505514153550608
100,96.21961134056087,1000,1.5,0.203711546255265
100,100.9680806010482,1000,1.5,0.2023453591491723
100,105.95088837115578,1000,1.5,0.20095727415164277
100,111.17959933290628,1000,1.5,0.19954803019038309
100,116.66634888915877,1000,1.5,0.1981184088716793
100,122.42387132886877,1000,1.5,0.1966692319335503
100,128.4655293823131,1000,1.5,0.19520135848736297
100,134.80534523487418,1000,1.5,0.1937156820706859
100,141.45803307136464,1000,1.5,0.1922131275359903
100,148.43903322642566,1000,1.5,0.19069464780127432
100,155.7645480202586,1000,1.5,0.18916122048975936
100,163.45157936286094,1000,1.5,0.18761384448647767
100,171.5179682140439,1000,1.5,0.18605353643983913
100,179.98243599081505,1000,1.5,0.18448132723613253
100,188.86462801822907,1000,1.5,0.18289825847440672
100,198.1851591245514,1000,1.5,0.18130537896830712
100,207.96566148655822,1000,1.5,0.1797037413002418
100,218.22883483601802,1000,1.5,0.17809439845176206
100,228.99849914387997,1000,1.5,0.1764784005322939
100,240.29964990444302,1000,1.5,0.174856791626404
100,252.15851614781684,1000,1.5,0.1732306067776584
100,264.60262131531766,1000,1.5,0.17160086912489209
100,277.6608471390847,1000,1.5,0.16996858720438868
100,291.3635006741758,1000,1.5,0.16833475242911816
100,305.7423846387185,1000,1.5,0.1667003367538376
100,320.8308712253716,1000,1.5,0.16506629053256083
100,336.6639795554073,1000,1.5,0.1634335405726824
100,353.2784569551752,1000,1.5,0.16180298838792784
100,370.71286424358743,1000,1.5,0.1601755086503171
100,389.00766522856935,1000,1.5,0.158551947839498
100,408.20532062019026,1000,1.5,0.15693312308613588
100,428.350386578436,1000,1.5,0.15531982120455495
100,449.48961812434607,1000,1.5,0.1537127979085156
100,471.6720776545259,1000,1.5,0.15211277720288213
100,494.949248810886,1000,1.5,0.1505204509429911
100,519.3751559698882,1000,1.5,0.1489364785527615
100,545.0064896286245,1000,1.5,0.14736148689198675
100,571.9027379787431,1000,1.5,0.14579607026281394
100,600.1263249735888,1000,1.5,0.1442407905451238
100,629.7427552090026,1000,1.5,0.14269617745037755
100,660.8207659540327,1000,1.5,0.14116272888346829
100,693.432486684416,1000,1.5,0.13964091140220014
100,727.6536064890868,1000,1.5,0.13813116076420126
100,763.5635497382514,1000,1.5,0.13663388255134234
100,801.2456604207365,1000,1.5,0.13514945286207006
100,840.7873955784511,1000,1.5,0.1336782190624593
100,882.2805282869017,1000,1.5,0.13222050058723092
100,925.821360652859,1000,1.5,0.13077658978245885
100,971.5109473235286,1000,1.5,0.12934675278219387
100,1019.4553300259765,1000,1.5,0.1279312304117502
100,1069.7657836811518,1000,1.5,0.12653023911092998
100,1122.5590746637126,1000,1.5,0.1251439718709897
100,1177.9577318070592,1000,1.5,0.123772599179678
100,1236.0903307825577,1000,1.5,0.12241626996918731
100,1297.0917925129716,1000,1.5,0.12107511256236395
100,1361.1036963126903,1000,1.5,0.11974923561300274
100,1428.2746084815285,1000,1.5,0.11843872903651351
100,1498.7604271147418,1000,1.5,0.11714366492768596
100,1572.724743929531,1000,1.5,0.11586409846269344
100,1650.3392239477969,1000,1.5,0.11460006878286483
100,1731.7840039163607,1000,1.5,0.11335159985811613
100,1817.2481103893613,1000,1.5,0.11211870132826969
100,1906.9298984431537,1000,1.5,0.11090136932079948
100,2001.037512041927,1000,1.5,0.10969958724382528
100,2099.7893671225115,1000,1.5,0.10851332655343844
100,2203.4146585195904,1000,1.5,0.10734254749467725
100,2312.153891907834,1000,1.5,0.10618719981568295
100,2426.2594419955467,1000,1.5,0.10504722345475813
100,2545.9961382653482,1000,1.5,0.10392254920021907
100,2671.6418796213625,1000,1.5,0.10281309932308434
100,2803.488279369443,1000,1.5,0.10171878818277437
100,2941.841342027374,1000,1.5,0.1006395228061126
100,3087.0221735358805,1000,1.5,0.09957520344001841
100,3239.367726518784,1000,1.5,0.09852572407836778
100,3399.2315823220006,1000,1.5,0.09749097296357026
100,3566.984771646407,1000,1.5,0.09647083306347129
100,3743.0166356791974,1000,1.5,0.09546518252423855
100,3927.735729722376,1000,1.5,0.09447389509993054
100,4121.570771415609,1000,1.5,0.09349684055947685
100,4324.971635754167,1000,1.5,0.09253388507182286
100,4538.410399211334,1000,1.5,0.09158489157000702
100,4762.382435388603,1000,1.5,0.09064972009494895
100,4997.40756473658,1000,1.5,0.08972822811973116
100,5244.031261014965,1000,1.5,0.0888202708551565
100,5502.825917291731,1000,1.5,0.0879257015373584
100,5774.392174419788,1000,1.5,0.08704437169823362
100,6059.360315074416,1000,1.5,0.08617613141945475
100,6358.391726586874,1000,1.5,0.08532082957080703
100,6672.180435969319,1000,1.5,0.08447831403357686
100,7001.454720693739,1000,1.5,0.08364843190970198
100,7346.978798963352,1000,1.5,0.08283102971737416
100,7709.554603399424,1000,1.5,0.08202595357376427
100,8090.023642260101,1000,1.5,0.08123304936551862
100,8489.268952511045,1000,1.5,0.08045216290765331
100,8908.217149280728,1000,1.5,0.07968314009145094
100,9347.840576456998,1000,1.5,0.07892582702194162
100,9809.159563416273,1000,1.5,0.07818007014552703
100,10293.244793123098,1000,1.5,0.0774457163682843
100,10801.219787096203,1000,1.5,0.07672261316546337
100,11334.26351300837,1000,1.5,0.0760106086826699
100,11893.613120972308,1000,1.5,0.07530955182920351
100,12480.56681486296,1000,1.5,0.07461929236400036
100,13096.48686534078,1000,1.5,0.07393968097460735
100,13742.80277156845,1000,1.5,0.07327056934959614
100,14421.014578959353,1000,1.5,0.07261181024480448
100,15132.696360658267,1000,1.5,0.07196325754377343
100,15879.499870833977,1000,1.5,0.07132476631273116
100,16663.15837826323,1000,1.5,0.07069619285045572
100,17485.490689103306,1000,1.5,0.070077394733332
100,18348.405368189557,1000,1.5,0.06946823085590198
100,19253.9051686557,1000,1.5,0.06886856146719131
100,20204.091680157042,1000,1.5,0.06827824820308004
100,21201.170206484974,1000,1.5,0.06769715411497135
100,22247.454883893708,1000,1.5,0.06712514369499722
100,23345.374052017745,1000,1.5,0.06656208289798812
100,24497.47588984603,1000,1.5,0.0660078391604199
100,25706.434329833315,1000,1.5,0.06546228141653981
100,26975.055263874565,1000,1.5,0.0649252801118621
100,28306.28305554678,1000,1.5,0.06439670721421199
100,29703.207373731602,1000,1.5,0.06387643622248765
100,31169.07036347938,1000,1.5,0.0633643421732992
100,32707.274170758283,1000,1.5,0.06286030164563414
100,34321.38883855163,1000,1.5,0.06236419276369104
100,36015.16059263056,1000,1.5,0.06187589519801345
100,37792.52053623214,1000,1.5,0.06139529016504908
100,39657.59377382258,1000,1.5,0.06092226042525142
100,41614.708985121564,1000,1.5,0.06045669027983375
100,43668.40847160745,1000,1.5,0.05999846556627906
100,45823.458698820534,1000,1.5,0.05954747365270306
100,48084.86135893327,1000,1.5,0.059103603431160834
100,50457.864979261096,1000,1.5,0.058666745309983094
100,52947.97710365748,1000,1.5,0.058236791205221745
100,55560.97707506484,1000,1.5,0.057813634531279794
100,58302.9294488879,1000,1.5,0.05739717019079603
100,61180.19806832264,1000,1.5,0.056987294563849995
100,64199.460834306214,1000,1.5,0.05658390549654904
100,67367.7252043687,1000,1.5,0.05618690228905503
100,70692.34445635948,1000,1.5,0.0557961856831043
100,74181.0347547924,1000,1.5,0.055411657849071594
100,77841.89305942143,1000,1.5,0.055033222372624604
100,81683.41591761034,1000,1.5,0.05466078424101331
100,85714.51918411112,1000,1.5,0.05429424982903498
100,89944.55871402164,1000,1.5,0.053933526884712875
100,94383.352076946,1000,1.5,0.05357852451472464
100,99041.2013427557,1000,1.5,0.0532291531696133
100,103928.91699183728,1000,1.5,0.052885324628811806
100,109057.8430053166,1000,1.5,0.05254695198551
100,114439.88319349488,1000,1.5,0.052213949631390644
100,120087.52882360163,1000,1.5,0.05188623324125943
100,126013.88761098507,1000,1.5,0.05156371975759208
100,132232.7141410297,1000,1.5,0.05124632737501971
100,138758.44179240317,1000,1.5,0.05093397552477281
100,145606.2162357259,1000,1.5,0.05062658485910172
100,152791.93058541327,1000,1.5,0.05032407723569095
100,160332.26228626995,1000,1.5,0.05002637570208289
100,168244.71182045134,1000,1.5,0.049733404480125684
100,176547.64332462606,1000,1.5,0.04944508895045838
100,185260.32721160684,1000,1.5,0.04916135563704602
100,194402.98489537672,1000,1.5,0.04888213219177563
100,203996.83572330637,1000,1.5,0.04860734737912409
100,214064.14622449162,1000,1.5,0.048336931060906946
100,224628.28178851632,1000,1.5,0.04807081418111721
100,235713.7608945747,1000,1.5,0.047808928750862144
100,247346.31201682088,1000,1.5,0.04755120783340519
100,259552.93333801624,1000,1.5,0.04729758552931987
100,272361.95541006164,1000,1.5,0.047047996961761526
100,285803.1069068532,1000,1.5,0.04680237826186244
100,299907.58362205816,1000,1.5,0.04656066655425521
100,314708.12087195285,1000,1.5,0.04632279994272887
100,330239.06947137037,1000,1.5,0.04608871749602146
100,346536.4754590798,1000,1.5,0.045858359233752956
100,363638.1637576417,1000,1.5,0.04563166611250122
100,381583.82596190565,1000,1.5,0.045408580012024025
100,400415.1124598945,1000,1.5,0.045189043721629414
100,420175.72909989185,1000,1.5,0.04497300092669631
100,440911.53862807574,1000,1.5,0.044760396195347316
100,462670.6671321315,1000,1.5,0.04455117496527511
100,485503.61573790025,1000,1.5,0.04434528353072349
100,509463.3778182841,1000,1.5,0.04414266902962421
100,534605.5619864543,1000,1.5,0.04394327943089018
100,560988.5211588137,1000,1.5,0.04374706352186567
100,588673.487987254,1000,1.5,0.04355397089593373
100,617724.7169750493,1000,1.5,0.043363951940281004
100,648209.6336062066,1000,1.5,0.0431769578238199
100,680198.9908343966,1000,1.5,0.042992940485268104
100,713767.0332946767,1000,1.5,0.04281185262138467
100,748991.6696191038,1000,1.5,0.04263364767536286
100,785954.6532561838,1000,1.5,0.042458279825378586
100,824741.7722138225,1000,1.5,0.042285703973294196
100,865443.0481661423,1000,1.5,0.042115875733516536
100,908152.9453863049,1000,1.5,0.04194875142200859
100,952970.5899902193,1000,1.5,0.041784288045453616
100,1000000.0,1000,1.5,0.041622443290570944
1000,10.0,1000,1.5,0.13129164834941767
1000,10.493503267611478,1000,1.5,0.13127542033040934
1000,11.011361082737277,1000,1.5,0.13125840281178128
1000,11.55477535025535,1000,1.5,0.13124055796526135
1000,12.125007289442108,1000,1.5,0.13122184620811245
1000,12.723380361157377,1000,1.5,0.13120222612756327
1000,13.351283339486864,1000,1.5,0.13118165440257099
1000,14.01017353497121,1000,1.5,0.13116008572288274
1000,14.701580176902427,1000,1.5,0.13113747270537104
1000,15.427107962537775,1000,1.5,0.13111376580762624
1000,16.188440781468522,1000,1.5,0.13108891323879898
1000,16.987345623787483,1000,1.5,0.13106286086769575
1000,17.82567668112595,1000,1.5,0.13103555212814388
1000,18.705379650078093,1000,1.5,0.13100692792165475
1000,19.628496248000772,1000,1.5,0.13097692651743081
1000,20.597168951669577,1000,1.5,0.13094548344977824
1000,21.61364596978904,1000,1.5,0.1309125314130063
1000,22.680286460897893,1000,1.5,0.13087800015391615
1000,23.799566008779642,1000,1.5,0.1308418163620051
1000,24.974082368086428,1000,1.5,0.13080390355753738
1000,26.206561493511312,1000,1.5,0.13076418197766265
1000,27.499863866502213,1000,1.5,0.1307225684607924
1000,28.85699113420118,1000,1.5,0.13067897632947983
1000,30.281093076017555,1000,1.5,0.1306333152720856
1000,31.775474914003755,1000,1.5,0.13058549122355118
1000,33.3436049840005,1000,1.5,0.13053540624564575
1000,34.98912278535556,1000,1.5,0.13048295840709978
1000,36.71584742789879,1000,1.5,0.1304280416640874
1000,38.52778649577804,1000,1.5,0.13037054574157625
1000,40.429145348728426,1000,1.5,0.130310356016119
1000,42.42433688236211,1000,1.5,0.1302473534007244
1000,44.5179917701317,1000,1.5,0.1301814142325103
1000,46.71496921073779,1000,1.5,0.13011241016391076
1000,49.02036820592467,1000,1.5,0.13004020805828273
1000,51.43953939483883,1000,1.5,0.12996466989083424
1000,53.97809747241707,1000,1.5,0.12988565265587632
1000,56.64193422062594,1000,1.5,0.12980300828148417
1000,59.437232182797274,1000,1.5,0.1297165835527389
1000,62.37047901279654,1000,1.5,0.12962622004481028
1000,65.44848253232736,1000,1.5,0.12953175406722947
1000,68.67838653131899,1000,1.5,0.12943301662079365
1000,72.067687348068,1000,1.5,0.12932983336863413
1000,75.6242512676154,1000,1.5,0.12922202462307084
1000,79.35633277873937,1000,1.5,0.1291094053499652
1000,83.27259373193655,1000,1.5,0.12899178519236726
1000,87.38212344285594,1000,1.5,0.12886896851533514
1000,91.69445978784384,1000,1.5,0.12874075447387895
1000,96.21961134056087,1000,1.5,0.12860693710604743
1000,100.9680806010482,1000,1.5,0.12846730545323098
1000,105.95088837115578,1000,1.5,0.1283216437098004
1000,111.17959933290628,1000,1.5,0.1281697314042271
1000,116.66634888915877,1000,1.5,0.1280113436138438
1000,122.42387132886877,1000,1.5,0.12784625121539528
1000,128.4655293823131,1000,1.5,0.12767422117349694
1000,134.80534523487418,1000,1.5,0.12749501686906226
1000,141.45803307136464,1000,1.5,0.12730839846967268
1000,148.43903322642566,1000,1.5,0.12711412334374556
1000,155.7645480202586,1000,1.5,0.1269119465202027
1000,163.45157936286094,1000,1.5,0.12670162119515044
1000,171.5179682140439,1000,1.5,0.12648289928685091
1000,179.98243599081505,1000,1.5,0.12625553203999101
1000,188.86462801822907,1000,1.5,0.1260192706799358
1000,198.1851591245514,1000,1.5,0.12577386711728927
1000,207.96566148655822,1000,1.5,0.12551907470267482
1000,218.22883483601802,1000,1.5,0.12525464903118838
1000,228.99849914387997,1000,1.5,0.1249803487954754
1000,240.29964990444302,1000,1.5,0.12469593668583323
1000,252.15851614781684,1000,1.5,0.12440118033515325
1000,264.60262131531766,1000,1.5,0.12409585330589003
1000,277.6608471390847,1000,1.5,0.12377973611558808
1000,291.3635006741758,1000,1.5,0.12345261729681421
1000,305.7423846387185,1000,1.5,0.12311429448664479
1000,320.8308712253716,1000,1.5,0.12276457554015024
1000,336.6639795554073,1000,1.5,0.12240327966161697
1000,353.2784569551752,1000,1.5,0.12203023854655899
1000,370.71286424358743,1000,1.5,0.12164529752691264
1000,389.00766522856935,1000,1.5,0.12124831671119118
1000,408.20532062019026,1000,1.5,0.12083917211081668
1000,428.350386578436,1000,1.5,0.12041775674335875
1000,449.48961812434607,1000,1.5,0.11998398170300882
1000,471.6720776545259,1000,1.5,0.11953777718831919
1000,494.949248810886,1000,1.5,0.1190790934770513
1000,519.3751559698882,1000,1.5,0.11860790183792054
1000,545.0064896286245,1000,1.5,0.11812419536910568
1000,571.9027379787431,1000,1.5,0.11762798975361827
1000,600.1263249735888,1000,1.5,0.11711932392200732
1000,629.7427552090026,1000,1.5,0.11659826061340982
1000,660.8207659540327,1000,1.5,0.11606488682664866
1000,693.432486684416,1000,1.5,0.11551931415392062
1000,727.6536064890868,1000,1.5,0.11496167899060444
1000,763.5635497382514,1000,1.5,0.11439214261583697
1000,801.2456604207365,1000,1.5,0.11381089113974352
1000,840.7873955784511,1000,1.5,0.11321813531454651
1000,882.2805282869017,1000,1.5,0.11261411020819331
1000,925.821360652859,1000,1.5,0.11199907474061875
1000,971.5109473235286,1000,1.5,0.11137331108426049
1000,1019.4553300259765,1000,1.5,0.11073712393195398
1000,1069.7657836811518,1000,1.5,0.11009083963681678
1000,1122.5590746637126,1000,1.5,0.10943480523016466
1000,1177.9577318070592,1000,1.5,0.10876938732485651
1000,1236.0903307825577,1000,1.5,0.10809497091271594
1000,1297.0917925129716,1000,1.5,0.10741195806580424
1000,1361.1036963126903,1000,1.5,0.10672076655229933
1000,1428.2746084815285,1000,1.5,0.10602182837855399
1000,1498.7604271147418,1000,1.5,0.10531558826955084
1000,1572.724743929531,1000,1.5,0.10460250210043266
1000,1650.3392239477969,1000,1.5,0.10388303529206076
1000,1731.7840039163607,1000,1.5,0.10315766118364046
1000,1817.2481103893613,1000,1.5,0.10242685939535634
1000,1906.9298984431537,1000,1.5,0.10169111419368831
1000,2001.037512041927,1000,1.5,0.10095091287164375
1000,2099.7893671225115,1000,1.5,0.10020674415555578
1000,2203.4146585195904,1000,1.5,0.09945909664938024
1000,2312.153891907834,1000,1.5,0.09870845732659238
1000,2426.2594419955467,1000,1.5,0.09795531007885928
1000,2545.9961382653482,1000,1.5,0.09720013432966663
1000,2671.6418796213625,1000,1.5,0.09644340372002792
1000,2803.488279369443,1000,1.5,0.09568558487232486
1000,2941.841342027374,1000,1.5,0.09492713623723474
1000,3087.0221735358805,1000,1.5,0.09416850702761623
1000,3239.367726518784,1000,1.5,0.09341013624216363
1000,3399.2315823220006,1000,1.5,0.09265245178061846
1000,3566.984771646407,1000,1.5,0.09189586965135674
1000,3743.0166356791974,1000,1.5,0.0911407932712634
1000,3927.735729722376,1000,1.5,0.09038761285696925
1000,4121.570771415609,1000,1.5,0.08963670490576772
1000,4324.971635754167,1000,1.5,0.08888843176385273
1000,4538.410399211334,1000,1.5,0.08814314127892717
1000,4762.382435388603,1000,1.5,0.08740116653372476
1000,4997.40756473658,1000,1.5,0.08666282565656605
1000,5244.031261014965,1000,1.5,0.08592842170472785
1000,5502.825917291731,1000,1.5,0.08519824261614325
1000,5774.392174419788,1000,1.5,0.08447256122475998
1000,6059.360315074416,1000,1.5,0.0837516353347645
1000,6358.391726586874,1000,1.5,0.08303570784882139
1000,6672.180435969319,1000,1.5,0.08232500694547606
1000,7001.454720693739,1000,1.5,0.08161974630091784
1000,7346.978798963352,1000,1.5,0.0809201253503935
1000,7709.554603399424,1000,1.5,0.08022632958469203
1000,8090.023642260101,1000,1.5,0.07953853087728352
1000,8489.268952511045,1000,1.5,0.07885688783788307
1000,8908.217149280728,1000,1.5,0.07818154618842063
1000,9347.840576456998,1000,1.5,0.07751263915762036
1000,9809.159563416273,1000,1.5,0.07685028789063011
1000,10293.244793123098,1000,1.5,0.0761946018703826
1000,10801.219787096203,1000,1.5,0.0755456793476162
1000,11334.26351300837,1000,1.5,0.07490360777672836
1000,11893.613120972308,1000,1.5,0.07426846425487764
1000,12480.56681486296,1000,1.5,0.07364031596198803
1000,13096.48686534078,1000,1.5,0.07301922059953941
1000,13742.80277156845,1000,1.5,0.07240522682625111
1000,14421.014578959353,1000,1.5,0.0717983746889766
1000,15132.696360658267,1000,1.5,0.07119869604732927
1000,15879.499870833977,1000,1.5,0.07060621499074926
1000,16663.15837826323,1000,1.5,0.07002094824689886
1000,17485.490689103306,1000,1.5,0.06944290558044018
1000,18348.405368189557,1000,1.5,0.06887209018140261
1000,19253.9051686557,1000,1.5,0.06830849904248837
1000,20204.091680157042,1000,1.5,0.06775212332479538
1000,21201.170206484974,1000,1.5,0.06720294871155436
1000,22247.454883893708,1000,1.5,0.06666095574958363
1000,23345.374052017745,1000,1.5,0.06612612017826328
1000,24497.47588984603,1000,1.5,0.06559841324591548
1000,25706.434329833315,1000,1.5,0.06507780201355545
1000,26975.055263874565,1000,1.5,0.06456424964604587
1000,28306.28305554678,1000,1.5,0.06405771569074667
1000,29703.207373731602,1000,1.5,0.06355815634380557
1000,31169.07036347938,1000,1.5,0.06306552470427865
1000,32707.274170758283,1000,1.5,0.06257977101630864
1000,34321.38883855163,1000,1.5,0.062100842899622595
1000,36015.16059263056,1000,1.5,0.06162868556863565
1000,37792.52053623214,1000,1.5,0.06116324204047113
1000,39657.59377382258,1000,1.5,0.060704453332224385
1000,41614.708985121564,1000,1.5,0.060252258647810863
1000,43668.40847160745,1000,1.5,0.05980659555475011
1000,45823.458698820534,1000,1.5,0.05936740015124296
1000,48084.86135893327,1000,1.5,0.05893460722390394
1000,50457.864979261096,1000,1.5,0.058508150396512304
1000,52947.97710365748,1000,1.5,0.05808796227014443
1000,55560.97707506484,1000,1.5,0.05767397455504755
1000,58302.9294488879,1000,1.5,0.05726611819461139
1000,61180.19806832264,1000,1.5,0.0568643234817876
1000,64199.460834306214,1000,1.5,0.05646852016830148
1000,67367.7252043687,1000,1.5,0.05607863756699194
1000,70692.34445635948,1000,1.5,0.05569460464760741
1000,74181.0347547924,1000,1.5,0.055316350126376486
1000,77841.89305942143,1000,1.5,0.054943802549662496
1000,81683.41591761034,1000,1.5,0.05457689037200085
1000,85714.51918411112,1000,1.5,0.054215542028808295
1000,89944.55871402164,1000,1.5,0.05385968600404222
1000,94383.352076946,1000,1.5,0.05350925089307829
1000,99041.2013427557,1000,1.5,0.053164165461063534
1000,103928.91699183728,1000,1.5,0.05282435869699173
1000,109057.8430053166,1000,1.5,0.052489759863737925
1000,114439.88319349488,1000,1.5,0.05216029854427797
1000,120087.52882360163,1000,1.5,0.05183590468430937
1000,126013.88761098507,1000,1.5,0.05151650863147986
1000,132232.7141410297,1000,1.5,0.051202041171420146
1000,138758.44179240317,1000,1.5,0.05089243356076836
1000,145606.2162357259,1000,1.5,0.05058761755736437
1000,152791.93058541327,1000,1.5,0.05028752544778322
1000,160332.26228626995,1000,1.5,0.04999209007236892
1000,168244.71182045134,1000,1.5,0.049701244847921065
1000,176547.64332462606,1000,1.5,0.049414923788179195
1000,185260.32721160684,1000,1.5,0.049133061522242234
1000,194402.98489537672,1000,1.5,0.04885559331105274
1000,203996.83572330637,1000,1.5,0.04858245506206929
1000,214064.14622449162,1000,1.5,0.04831358334224309
1000,224628.28178851632,1000,1.5,0.04804891538940885
1000,235713.7608945747,1000,1.5,0.04778838912219377
1000,247346.31201682088,1000,1.5,0.04753194314854281
1000,259552.93333801624,1000,1.5,0.04727951677295257
1000,272361.95541006164,1000,1.5,0.047031050002501365
1000,285803.1069068532,1000,1.5,0.046786483551757324
1000,299907.58362205816,1000,1.5,0.046545758846642596
1000,314708.12087195285,1000,1.5,0.04630881802732617
1000,330239.06947137037,1000,1.5,0.04607560395021429
1000,346536.4754590798,1000,1.5,0.0458460601891031
1000,363638.1637576417,1000,1.5,0.045620131035554276
1000,381583.82596190565,1000,1.5,0.045397761498550834
1000,400415.1124598945,1000,1.5,0.04517889730348694
1000,420175.72909989185,1000,1.5,0.044963484890541985
1000,440911.53862807574,1000,1.5,0.044751471412486504
1000,462670.6671321315,1000,1.5,0.044542804731964356
1000,485503.61573790025,1000,1.5,0.0443374334182928
1000,509463.3778182841,1000,1.5,0.044135306743819665
1000,534605.5619864543,1000,1.5,0.04393637467987436
1000,560988.5211588137,1000,1.5,0.043740587892346895
1000,588673.487987254,1000,1.5,0.04354789773692734
1000,617724.7169750493,1000,1.5,0.04335825625403556
1000,648209.6336062066,1000,1.5,0.04317161616346976
1000,680198.9908343966,1000,1.5,0.04298793085879996
1000,713767.0332946767,1000,1.5,0.04280715440153111
1000,748991.6696191038,1000,1.5,0.042629241515058994
1000,785954.6532561838,1000,1.5,0.04245414757844038
1000,824741.7722138225,1000,1.5,0.04228182861999744
1000,865443.0481661423,1000,1.5,0.04211224131077537
1000,908152.9453863049,1000,1.5,0.04194534295787049
1000,952970.5899902193,1000,1.5,0.04178109149764531
1000,1000000.0,1000,1.5,0.04161944548884572
10000,10.0,1000,1.5,0.07802320328165889
10000,10.493503267611478,1000,1.5,0.07802244077717696
10000,11.011361082737277,1000,1.5,0.07802164069673959
10000,11.55477535025535,1000,1.5,0.07802080119140412
10000,12.125007289442108,1000,1.5,0.07801992032153138
10000,12.723380361157377,1000,1.5,0.07801899605236515
10000,13.351283339486864,1000,1.5,0.078018026249399
10000,14.01017353497121,1000,1.5,0.0780170086735208
10000,14.701580176902427,1000,1.5,0.0780159409759241
10000,15.427107962537775,1000,1.5,0.0780148206927761
10000,16.188440781468522,1000,1.5,0.07801364523963047
10000,16.987345623787483,1000,1.5,0.07801241190557338
10000,17.82567668112595,1000,1.5,0.07801111784709075
10000,18.705379650078093,1000,1.5,0.07800976008164351
10000,19.628496248000772,1000,1.5,0.07800833548093788
10000,20.597168951669577,1000,1.5,0.07800684076387675
10000,21.61364596978904,1000,1.5,0.07800527248917753
10000,22.680286460897893,1000,1.5,0.0780036270476418
10000,23.799566008779642,1000,1.5,0.07800190065406085
10000,24.974082368086428,1000,1.5,0.07800008933874114
10000,26.206561493511312,1000,1.5,0.07799818893863274
10000,27.499863866502213,1000,1.5,0.07799619508804306
10000,28.85699113420118,1000,1.5,0.07799410320891828
10000,30.281093076017555,1000,1.5,0.07799190850067297
10000,31.775474914003755,1000,1.5,0.07798960592954916
10000,33.3436049840005,1000,1.5,0.07798719021748399
10000,34.98912278535556,1000,1.5,0.07798465583046568
10000,36.71584742789879,1000,1.5,0.07798199696635588
10000,38.52778649577804,1000,1.5,0.0779792075421564
10000,40.429145348728426,1000,1.5,0.0779762811806971
10000,42.42433688236211,1000,1.5,0.07797321119672165
10000,44.5179917701317,1000,1.5,0.0779699905823465
10000,46.71496921073779,1000,1.5,0.07796661199186823
10000,49.02036820592467,1000,1.5,0.07796306772589369
10000,51.43953939483883,1000,1.5,0.07795934971476634
10000,53.97809747241707,1000,1.5,0.07795544950126222
10000,56.64193422062594,1000,1.5,0.07795135822252788
10000,59.437232182797274,1000,1.5,0.07794706659123232
10000,62.37047901279654,1000,1.5,0.07794256487590442
10000,65.44848253232736,1000,1.5,0.07793784288042699
10000,68.67838653131899,1000,1.5,0.07793288992265826
10000,72.067687348068,1000,1.5,0.07792769481215117
10000,75.6242512676154,1000,1.5,0.07792224582694086
10000,79.35633277873937,1000,1.5,0.07791653068937059
10000,83.27259373193655,1000,1.5,0.07791053654092651
10000,87.38212344285594,1000,1.5,0.07790424991605183
10000,91.69445978784384,1000,1.5,0.07789765671491103
10000,96.21961134056087,1000,1.5,0.0778907421750761
10000,100.9680806010482,1000,1.5,0.07788349084210662
10000,105.95088837115578,1000,1.5,0.07787588653899691
10000,111.17959933290628,1000,1.5,0.07786791233446513
10000,116.66634888915877,1000,1.5,0.07785955051005988
10000,122.42387132886877,1000,1.5,0.0778507825260622
10000,128.4655293823131,1000,1.5,0.07784158898616331
10000,134.80534523487418,1000,1.5,0.07783194960090023
10000,141.45803307136464,1000,1.5,0.0778218431498353
10000,148.43903322642566,1000,1.5,0.07781124744246835
10000,155.7645480202586,1000,1.5,0.07780013927787471
10000,163.45157936286094,1000,1.5,0.07778849440306662
10000,171.5179682140439,1000,1.5,0.07777628747008075
10000,179.98243599081505,1000,1.5,0.07776349199180033
10000,188.86462801822907,1000,1.5,0.07775008029652697
10000,198.1851591245514,1000,1.5,0.07773602348132463
10000,207.96566148655822,1000,1.5,0.07772129136416608
10000,218.22883483601802,1000,1.5,0.07770585243492172
10000,228.99849914387997,1000,1.5,0.07768967380524006
10000,240.29964990444302,1000,1.5,0.07767272115738097
10000,252.15851614781684,1000,1.5,0.07765495869207453
10000,264.60262131531766,1000,1.5,0.07763634907549163
10000,277.6608471390847,1000,1.5,0.07761685338542786
10000,291.3635006741758,1000,1.5,0.07759643105681738
10000,305.7423846387185,1000,1.5,0.0775750398267115
10000,320.8308712253716,1000,1.5,0.07755263567887562
10000,336.6639795554073,1000,1.5,0.07752917278817803
10000,353.2784569551752,1000,1.5,0.07750460346496729
10000,370.71286424358743,1000,1.5,0.07747887809965764
10000,389.00766522856935,1000,1.5,0.07745194510776793
10000,408.20532062019026,1000,1.5,0.0774237508756867
10000,428.350386578436,1000,1.5,0.0773942397074654
10000,449.48961812434607,1000,1.5,0.07736335377297143
10000,471.6720776545259,1000,1.5,0.07733103305776717
10000,494.949248810886,1000,1.5,0.07729721531511333
10000,519.3751559698882,1000,1.5,0.0772618360205325
10000,545.0064896286245,1000,1.5,0.07722482832940561
10000,571.9027379787431,1000,1.5,0.07718612303811283
10000,600.1263249735888,1000,1.5,0.07714564854927111
10000,629.7427552090026,1000,1.5,0.07710333084166114
10000,660.8207659540327,1000,1.5,0.07705909344547887
10000,693.432486684416,1000,1.5,0.07701285742358896
10000,727.6536064890868,1000,1.5,0.07696454135949968
10000,763.5635497382514,1000,1.5,0.07691406135282096
10000,801.2456604207365,1000,1.5,0.0768613310230078
10000,840.7873955784511,1000,1.5,0.07680626152223101
10000,882.2805282869017,1000,1.5,0.07674876155825369
10000,925.821360652859,1000,1.5,0.07668873742822624
10000,971.5109473235286,1000,1.5,0.07662609306434198
10000,1019.4553300259765,1000,1.5,0.07656073009232114
10000,1069.7657836811518,1000,1.5,0.0764925479037094
10000,1122.5590746637126,1000,1.5,0.07642144374298922
10000,1177.9577318070592,1000,1.5,0.07634731281050579
10000,1236.0903307825577,1000,1.5,0.07627004838220353
10000,1297.0917925129716,1000,1.5,0.07618954194715166
10000,1361.1036963126903,1000,1.5,0.07610568336380852
10000,1428.2746084815285,1000,1.5,0.07601836103593097
10000,1498.7604271147418,1000,1.5,0.07592746210897752
10000,1572.724743929531,1000,1.5,0.07583287268777868
10000,1650.3392239477969,1000,1.5,0.07573447807615619
10000,1731.7840039163607,1000,1.5,0.0756321630390615
10000,1817.2481103893613,1000,1.5,0.07552581208767215
10000,1906.9298984431537,1000,1.5,0.07541530978773328
10000,2001.037512041927,1000,1.5,0.07530054109125756
10000,2099.7893671225115,1000,1.5,0.07518139169150176
10000,2203.4146585195904,1000,1.5,0.0750577484009217
10000,2312.153891907834,1000,1.5,0.0749294995515686
10000,2426.2594419955467,1000,1.5,0.07479653541713249
10000,2545.9961382653482,1000,1.5,0.07465874865556085
10000,2671.6418796213625,1000,1.5,0.07451603477088742
10000,2803.488279369443,1000,1.5,0.07436829259259785
10000,2941.841342027374,1000,1.5,0.07421542477054101
10000,3087.0221735358805,1000,1.5,0.07405733828306872
10000,3239.367726518784,1000,1.5,0.0738939449557589
10000,3399.2315823220006,1000,1.5,0.07372516198775189
10000,3566.984771646407,1000,1.5,0.07355091248241268
10000,3743.0166356791974,1000,1.5,0.07337112597872947
10000,3927.735729722376,1000,1.5,0.07318573897957725
10000,4121.570771415609,1000,1.5,0.07299469547272178
10000,4324.971635754167,1000,1.5,0.0727979474402203
10000,4538.410399211334,1000,1.5,0.07259545535169842
10000,4762.382435388603,1000,1.5,0.07238718863685303
10000,4997.40756473658,1000,1.5,0.07217312613245794
10000,5244.031261014965,1000,1.5,0.07195325649913348
10000,5502.825917291731,1000,1.5,0.07172757860319333
10000,5774.392174419788,1000,1.5,0.0714961018590004
10000,6059.360315074416,1000,1.5,0.07125884652745498
10000,6358.391726586874,1000,1.5,0.07101584396650087
10000,6672.180435969319,1000,1.5,0.07076713682987026
10000,7001.454720693739,1000,1.5,0.07051277921069254
10000,7346.978798963352,1000,1.5,0.07025283672706278
10000,7709.554603399424,1000,1.5,0.06998738654719662
10000,8090.023642260101,1000,1.5,0.06971651735238293
10000,8489.268952511045,1000,1.5,0.06944032923657442
10000,8908.217149280728,1000,1.5,0.06915893354212081
10000,9347.840576456998,1000,1.5,0.06887245263183668
10000,9809.159563416273,1000,1.5,0.06858101959829567
10000,10293.244793123098,1000,1.5,0.06828477791194104
10000,10801.219787096203,1000,1.5,0.06798388101028774
10000,11334.26351300837,1000,1.5,0.06767849183114961
10000,11893.613120972308,1000,1.5,0.06736878229344531
10000,12480.56681486296,1000,1.5,0.06705493272970676
10000,13096.48686534078,1000,1.5,0.06673713127492348
10000,13742.80277156845,1000,1.5,0.06641557321679707
10000,14421.014578959353,1000,1.5,0.06609046031284421
10000,15132.696360658267,1000,1.5,0.0657620000800683
10000,15879.499870833977,1000,1.5,0.06543040506311759
10000,16663.15837826323,1000,1.5,0.06509589208695646
10000,17485.490689103306,1000,1.5,0.06475868150009992
10000,18348.405368189557,1000,1.5,0.06441899641440013
10000,19253.9051686557,1000,1.5,0.06407706194723128
10000,20204.091680157042,1000,1.5,0.06373310447170341
10000,21201.170206484974,1000,1.5,0.06338735088025046
10000,22247.454883893708,1000,1.5,0.06304002786659371
10000,23345.374052017745,1000,1.5,0.06269136123068653
10000,24497.47588984603,1000,1.5,0.062341575210809214
10000,25706.434329833315,1000,1.5,0.06199089184651424
10000,26975.055263874565,1000,1.5,0.06163953037563129
10000,28306.28305554678,1000,1.5,0.061287706668038
10000,29703.207373731602,1000,1.5,0.06093563269839576
10000,31169.07036347938,1000,1.5,0.06058351605954794
10000,32707.274170758283,1000,1.5,0.060231559517787976
10000,34321.38883855163,1000,1.5,0.05987996061073605
10000,36015.16059263056,1000,1.5,0.05952891128811697
10000,37792.52053623214,1000,1.5,0.05917859759531818
10000,39657.59377382258,1000,1.5,0.058829199399225214
10000,41614.708985121564,1000,1.5,0.05848089015548767
10000,43668.40847160745,1000,1.5,0.058133836716062925
10000,45823.458698820534,1000,1.5,0.05778819917561785
10000,48084.86135893327,1000,1.5,0.057444130755141425
10000,50457.864979261096,1000,1.5,0.05710177772093318
10000,52947.97710365748,1000,1.5,0.0567612793369811
10000,55560.97707506484,1000,1.5,0.056422767848627944
10000,58302.9294488879,1000,1.5,0.056086368495343875
10000,61180.19806832264,1000,1.5,0.05575219955037301
10000,64199.460834306214,1000,1.5,0.05542037238500054
10000,67367.7252043687,1000,1.5,0.05509099155519108
10000,70692.34445635948,1000,1.5,0.054764154908375995
10000,74181.0347547924,1000,1.5,0.05443995370821435
10000,77841.89305942143,1000,1.5,0.05411847277521602
10000,81683.41591761034,1000,1.5,0.05379979064119317
10000,85714.51918411112,1000,1.5,0.053483979715596215
10000,89944.55871402164,1000,1.5,0.05317110646188851
10000,94383.352076946,1000,1.5,0.05286123158221967
10000,99041.2013427557,1000,1.5,0.0525544102087674
10000,103928.91699183728,1000,1.5,0.05225069210023027
10000,109057.8430053166,1000,1.5,0.051950121842068556
10000,114439.88319349488,1000,1.5,0.051652739049203394
10000,120087.52882360163,1000,1.5,0.05135857856999731
10000,126013.88761098507,1000,1.5,0.05106767069044864
10000,132232.7141410297,1000,1.5,0.05078004133763872
10000,138758.44179240317,1000,1.5,0.05049571228157306
10000,145606.2162357259,1000,1.5,0.050214701334655124
10000,152791.93058541327,1000,1.5,0.049937022548123516
10000,160332.26228626995,1000,1.5,0.049662686404871134
10000,168244.71182045134,1000,1.5,0.04939170000814542
10000,176547.64332462606,1000,1.5,0.049124067265705396
10000,185260.32721160684,1000,1.5,0.0488597890690812
10000,194402.98489537672,1000,1.5,0.04859886346764604
10000,203996.83572330637,1000,1.5,0.04834128583727039
10000,214064.14622449162,1000,1.5,0.04808704904338148
10000,224628.28178851632,1000,1.5,0.04783614359830003
10000,235713.7608945747,1000,1.5,0.047588557812770424
10000,247346.31201682088,1000,1.5,0.04734427794163926
10000,259552.93333801624,1000,1.5,0.0471032883236725
10000,272361.95541006164,1000,1.5,0.04686557151553241
10000,285803.1069068532,1000,1.5,0.046631108419961834
10000,299907.58362205816,1000,1.5,0.0463998784082479
10000,314708.12087195285,1000,1.5,0.04617185943705676
10000,330239.06947137037,1000,1.5,0.04594702815974833
10000,346536.4754590798,1000,1.5,0.04572536003229505
10000,363638.1637576417,1000,1.5,0.045506829413940186
10000,381583.82596190565,1000,1.5,0.04529140966274124
10000,400415.1124598945,1000,1.5,0.04507907322615203
10000,420175.72909989185,1000,1.5,0.044869791726802416
10000,440911.53862807574,1000,1.5,0.04466353604363971
10000,462670.6671321315,1000,1.5,0.04446027638859806
10000,485503.61573790025,1000,1.5,0.044259982378964155
10000,509463.3778182841,1000,1.5,0.04406262310560772
10000,534605.5619864543,1000,1.5,0.043868167197245275
10000,560988.5211588137,1000,1.5,0.0436765828809038
10000,588673.487987254,1000,1.5,0.0434878380387492
10000,617724.7169750493,1000,1.5,0.043301900261441734
10000,648209.6336062066,1000,1.5,0.04311873689817724
10000,680198.9908343966,1000,1.5,0.04293831510356967
10000,713767.0332946767,1000,1.5,0.04276060188152599
10000,748991.6696191038,1000,1.5,0.04258556412626065
10000,785954.6532561838,1000,1.5,0.04241316866059218
10000,824741.7722138225,1000,1.5,0.04224338227165976
10000,865443.0481661423,1000,1.5,0.04207617174419286
10000,908152.9453863049,1000,1.5,0.04191150389146224
10000,952970.5899902193,1000,1.5,0.041749345584035716
10000,1000000.0,1000,1.5,0.041589663776457175
100000,10.0,1000,1.5,0.053166405404978544
100000,10.493503267611478,1000,1.5,0.05316636996913468
100000,11.011361082737277,1000,1.5,0.05316633278477102
100000,11.55477535025535,1000,1.5,0.053166293765622916
100000,12.125007289442108,1000,1.5,0.05316625282117104
100000,12.723380361157377,1000,1.5,0.05316620985643177
100000,13.351283339486864,1000,1.5,0.053166164771737114
100000,14.01017353497121,1000,1.5,0.05316611746250384
100000,14.701580176902427,1000,1.5,0.053166067818991275
100000,15.427107962537775,1000,1.5,0.05316601572604715
100000,16.188440781468522,1000,1.5,0.05316596106284098
100000,16.987345623787483,1000,1.5,0.053165903702584255
100000,17.82567668112595,1000,1.5,0.05316584351223699
100000,18.705379650078093,1000,1.5,0.05316578035219971
100000,19.628496248000772,1000,1.5,0.053165714075990356
100000,20.597168951669577,1000,1.5,0.05316564452990536
100000,21.61364596978904,1000,1.5,0.053165571552663965
100000,22.680286460897893,1000,1.5,0.053165494975035095
100000,23.799566008779642,1000,1.5,0.053165414619445975
100000,24.974082368086428,1000,1.5,0.053165330299571385
100000,26.206561493511312,1000,1.5,0.0531652418199029
100000,27.499863866502213,1000,1.5,0.053165148975296825
100000,28.85699113420118,1000,1.5,0.053165051550500095
100000,30.281093076017555,1000,1.5,0.05316494931965281
100000,31.775474914003755,1000,1.5,0.05316484204576637
100000,33.3436049840005,1000,1.5,0.05316472948017609
100000,34.98912278535556,1000,1.5,0.05316461136196693
100000,36.71584742789879,1000,1.5,0.05316448741737109
100000,38.52778649577804,1000,1.5,0.053164357359136064
100000,40.429145348728426,1000,1.5,0.053164220885861826
100000,42.42433688236211,1000,1.5,0.053164077681305474
100000,44.5179917701317,1000,1.5,0.05316392741365194
100000,46.71496921073779,1000,1.5,0.05316376973474893
100000,49.02036820592467,1000,1.5,0.053163604279304576
100000,51.43953939483883,1000,1.5,0.05316343066404576
100000,53.97809747241707,1000,1.5,0.053163248486835436
100000,56.64193422062594,1000,1.5,0.05316305732574675
100000,59.437232182797274,1000,1.5,0.05316285673809211
100000,62.37047901279654,1000,1.5,0.05316264625940478
100000,65.44848253232736,1000,1.5,0.053162425402370955
100000,68.67838653131899,1000,1.5,0.05316219365570975
100000,72.067687348068,1000,1.5,0.05316195048299868
100000,75.6242512676154,1000,1.5,0.05316169532144207
100000,79.35633277873937,1000,1.5,0.053161427580579526
100000,83.27259373193655,1000,1.5,0.05316114664093173
100000,87.38212344285594,1000,1.5,0.05316085185258054
100000,91.69445978784384,1000,1.5,0.053160542533680154
100000,96.21961134056087,1000,1.5,0.05316021796889623
100000,100.9680806010482,1000,1.5,0.05315987740776945
100000,105.95088837115578,1000,1.5,0.05315952006299994
100000,111.17959933290628,1000,1.5,0.05315914510864879
100000,116.66634888915877,1000,1.5,0.0531587516782529
100000,122.42387132886877,1000,1.5,0.053158338862848875
100000,128.4655293823131,1000,1.5,0.053157905708901804
100000,134.80534523487418,1000,1.5,0.05315745121613455
100000,141.45803307136464,1000,1.5,0.05315697433525267
100000,148.43903322642566,1000,1.5,0.05315647396556043
100000,155.7645480202586,1000,1.5,0.05315594895246252
100000,163.45157936286094,1000,1.5,0.053155398084846414
100000,171.5179682140439,1000,1.5,0.05315482009233988
100000,179.98243599081505,1000,1.5,0.05315421364243762
100000,188.86462801822907,1000,1.5,0.05315357733749154
100000,198.1851591245514,1000,1.5,0.053152909711557866
100000,207.96566148655822,1000,1.5,0.0531522092270951
100000,218.22883483601802,1000,1.5,0.05315147427150579
100000,228.99849914387997,1000,1.5,0.05315070315351518
100000,240.29964990444302,1000,1.5,0.05314989409937945
100000,252.15851614781684,1000,1.5,0.05314904524891592
100000,264.60262131531766,1000,1.5,0.05314815465134741
100000,277.6608471390847,1000,1.5,0.05314722026095253
100000,291.3635006741758,1000,1.5,0.05314623993251344
100000,305.7423846387185,1000,1.5,0.05314521141655222
100000,320.8308712253716,1000,1.5,0.05314413235434698
100000,336.6639795554073,1000,1.5,0.0531430002727179
100000,353.2784569551752,1000,1.5,0.05314181257857391
100000,370.71286424358743,1000,1.5,0.053140566553209465
100000,389.00766522856935,1000,1.5,0.05313925934634152
100000,408.20532062019026,1000,1.5,0.05313788796987554
100000,428.350386578436,1000,1.5,0.05313644929138981
100000,449.48961812434607,1000,1.5,0.053134940027326535
100000,471.6720776545259,1000,1.5,0.05313335673587814
100000,494.949248810886,1000,1.5,0.05313169580955679
100000,519.3751559698882,1000,1.5,0.05312995346743474
100000,545.0064896286245,1000,1.5,0.05312812574704326
100000,571.9027379787431,1000,1.5,0.053126208495916954
100000,600.1263249735888,1000,1.5,0.05312419736277078
100000,629.7427552090026,1000,1.5,0.053122087788296246
100000,660.8207659540327,1000,1.5,0.05311987499556352
100000,693.432486684416,1000,1.5,0.053117553980015705
100000,727.6536064890868,1000,1.5,0.05311511949904166
100000,763.5635497382514,1000,1.5,0.05311256606111358
100000,801.2456604207365,1000,1.5,0.05310988791447544
100000,840.7873955784511,1000,1.5,0.053107079035368696
100000,882.2805282869017,1000,1.5,0.05310413311578147
100000,925.821360652859,1000,1.5,0.05310104355070785
100000,971.5109473235286,1000,1.5,0.05309780342490407
100000,1019.4553300259765,1000,1.5,0.05309440549912883
100000,1069.7657836811518,1000,1.5,0.0530908421958554
100000,1122.5590746637126,1000,1.5,0.05308710558444372
100000,1177.9577318070592,1000,1.5,0.05308318736576163
100000,1236.0903307825577,1000,1.5,0.053079078856245104
100000,1297.0917925129716,1000,1.5,0.053074770971388324
100000,1361.1036963126903,1000,1.5,0.05307025420865591
100000,1428.2746084815285,1000,1.5,0.05306551862981092
100000,1498.7604271147418,1000,1.5,0.05306055384265377
100000,1572.724743929531,1000,1.5,0.05305534898216942
100000,1650.3392239477969,1000,1.5,0.05304989269108192
100000,1731.7840039163607,1000,1.5,0.05304417309981844
100000,1817.2481103893613,1000,1.5,0.05303817780588689
100000,1906.9298984431537,1000,1.5,0.05303189385267515
100000,2001.037512041927,1000,1.5,0.05302530770768281
100000,2099.7893671225115,1000,1.5,0.05301840524020046
100000,2203.4146585195904,1000,1.5,0.0530111716984558
100000,2312.153891907834,1000,1.5,0.053003591686250615
100000,2426.2594419955467,1000,1.5,0.052995649139117876
100000,2545.9961382653482,1000,1.5,0.05298732730003409
100000,2671.6418796213625,1000,1.5,0.052978608694728264
100000,2803.488279369443,1000,1.5,0.05296947510663583
100000,2941.841342027374,1000,1.5,0.052959907551553484
100000,3087.0221735358805,1000,1.5,0.05294988625205911
100000,3239.367726518784,1000,1.5,0.052939390611769804
100000,3399.2315823220006,1000,1.5,0.05292839918952079
100000,3566.984771646407,1000,1.5,0.052916889673558475
100000,3743.0166356791974,1000,1.5,0.05290483885585185
100000,3927.735729722376,1000,1.5,0.0528922226066387
100000,4121.570771415609,1000,1.5,0.052879015849335784
100000,4324.971635754167,1000,1.5,0.052865192535955806
100000,4538.410399211334,1000,1.5,0.05285072562318847
100000,4762.382435388603,1000,1.5,0.0528355870493181
100000,4997.40756473658,1000,1.5,0.05281974771216663
100000,5244.031261014965,1000,1.5,0.052803177448267256
100000,5502.825917291731,1000,1.5,0.0527858450134919
100000,5774.392174419788,1000,1.5,0.05276771806537363
100000,6059.360315074416,1000,1.5,0.052748763147384026
100000,6358.391726586874,1000,1.5,0.05272894567544459
100000,6672.180435969319,1000,1.5,0.052708229926970926
100000,7001.454720693739,1000,1.5,0.05268657903276798
100000,7346.978798963352,1000,1.5,0.05266395497211424
100000,7709.554603399424,1000,1.5,0.052640318571392314
100000,8090.023642260101,1000,1.5,0.052615629506641934
100000,8489.268952511045,1000,1.5,0.05258984631042978
100000,8908.217149280728,1000,1.5,0.052562926383446965
100000,9347.840576456998,1000,1.5,0.052534826011260936
100000,9809.159563416273,1000,1.5,0.052505500386661616
100000,10293.244793123098,1000,1.5,0.052474903638052815
100000,10801.219787096203,1000,1.5,0.05244298886434812
100000,11334.26351300837,1000,1.5,0.052409708176835365
100000,11893.613120972308,1000,1.5,0.05237501274847439
100000,12480.56681486296,1000,1.5,0.05233885287108913
100000,13096.48686534078,1000,1.5,0.052301178020906225
100000,13742.80277156845,1000,1.5,0.05226193693287723
100000,14421.014578959353,1000,1.5,0.05222107768420056
100000,15132.696360658267,1000,1.5,0.052178547787430446
100000,15879.499870833977,1000,1.5,0.05213429429352438
100000,16663.15837826323,1000,1.5,0.0520882639051357
100000,17485.490689103306,1000,1.5,0.05204040310040439
100000,18348.405368189557,1000,1.5,0.051990658267436936
100000,19253.9051686557,1000,1.5,0.051938975849592575
100000,20204.091680157042,1000,1.5,0.05188530250161176
100000,21201.170206484974,1000,1.5,0.05182958525652934
100000,22247.454883893708,1000,1.5,0.05177177170321248
100000,23345.374052017745,1000,1.5,0.05171181017425132
100000,24497.47588984603,1000,1.5,0.05164964994380823
100000,25706.434329833315,1000,1.5,0.0515852414349017
100000,26975.055263874565,1000,1.5,0.05151853643546299
100000,28306.28305554678,1000,1.5,0.05144948832235992
100000,29703.207373731602,1000,1.5,0.051378052292433224
100000,31169.07036347938,1000,1.5,0.051304185599439674
100000,32707.274170758283,1000,1.5,0.051227847795643905
100000,34321.38883855163,1000,1.5,0.05114900097665028
100000,36015.16059263056,1000,1.5,0.051067610027920554
100000,37792.52053623214,1000,1.5,0.050983642871283846
100000,39657.59377382258,1000,1.5,0.050897070709617666
100000,41614.708985121564,1000,1.5,0.05080786826776358
100000,43668.40847160745,1000,1.5,0.05071601402764343
100000,45823.458698820534,1000,1.5,0.05062149045546381
100000,48084.86135893327,1000,1.5,0.050524284218841586
100000,50457.864979261096,1000,1.5,0.0504243863916543
100000,52947.97710365748,1000,1.5,0.05032179264441828
100000,55560.97707506484,1000,1.5,0.05021650341802747
100000,58302.9294488879,1000,1.5,0.0501085240787478
100000,61180.19806832264,1000,1.5,0.04999786505245706
100000,64199.460834306214,1000,1.5,0.04988454193624928
100000,67367.7252043687,1000,1.5,0.04976857558568429
100000,70692.34445635948,1000,1.5,0.04964999217615739
100000,74181.0347547924,1000,1.5,0.049528823237088196
100000,77841.89305942143,1000,1.5,0.049405105657879506
100000,81683.41591761034,1000,1.5,0.049278881664872834
100000,85714.51918411112,1000,1.5,0.04915019876882282
100000,89944.55871402164,1000,1.5,0.04901910968272365
100000,94383.352076946,1000,1.5,0.04888567221014142
100000,99041.2013427557,1000,1.5,0.04874994910453136
100000,103928.91699183728,1000,1.5,0.048612007900342105
100000,109057.8430053166,1000,1.5,0.048471920717025545
100000,114439.88319349488,1000,1.5,0.04832976403737292
100000,120087.52882360163,1000,1.5,0.04818561846188163
100000,126013.88761098507,1000,1.5,0.04803956844111647
100000,132232.7141410297,1000,1.5,0.047891701988259566
100000,138758.44179240317,1000,1.5,0.04774211037424106
100000,145606.2162357259,1000,1.5,0.04759088780800392
100000,152791.93058541327,1000,1.5,0.04743813110457971
100000,160332.26228626995,1000,1.5,0.047283939343735246
100000,168244.71182045134,1000,1.5,0.04712841352199304
100000,176547.64332462606,1000,1.5,0.04697165620083098
100000,185260.32721160684,1000,1.5,0.04681377115383073
100000,194402.98489537672,1000,1.5,0.04665486301547127
100000,203996.83572330637,1000,1.5,0.0464950369341567
100000,214064.14622449162,1000,1.5,0.04633439823192981
100000,224628.28178851632,1000,1.5,0.046173052073157604
100000,235713.7608945747,1000,1.5,0.04601110314428765
100000,247346.31201682088,1000,1.5,0.04584865534656757
100000,259552.93333801624,1000,1.5,0.045685811503400564
100000,272361.95541006164,1000,1.5,0.04552267308377995
100000,285803.1069068532,1000,1.5,0.04535933994301192
100000,299907.58362205816,1000,1.5,0.04519591008170025
100000,314708.12087195285,1000,1.5,0.04503247942373492
100000,330239.06947137037,1000,1.5,0.04486914161380068
100000,346536.4754590798,1000,1.5,0.04470598783470596
100000,363638.1637576417,1000,1.5,0.044543106644628544
100000,381583.82596190565,1000,1.5,0.04438058383418488
100000,400415.1124598945,1000,1.5,0.04421850230305656
100000,420175.72909989185,1000,1.5,0.04405694195575078
100000,440911.53862807574,1000,1.5,0.04389597961593368
100000,462670.6671321315,1000,1.5,0.04373568895865493
100000,485503.61573790025,1000,1.5,0.04357614045968007
100000,509463.3778182841,1000,1.5,0.04341740136106363
100000,534605.5619864543,1000,1.5,0.04325953565202888
100000,560988.5211588137,1000,1.5,0.04310260406417038
100000,588673.487987254,1000,1.5,0.04294666407996066
100000,617724.7169750493,1000,1.5,0.04279176995352184
100000,648209.6336062066,1000,1.5,0.042637972742615854
100000,680198.9908343966,1000,1.5,0.04248532035081079
100000,713767.0332946767,1000,1.5,0.042333857578795625
100000,748991.6696191038,1000,1.5,0.042183626183839
100000,785954.6532561838,1000,1.5,0.04203466494641866
100000,824741.7722138225,1000,1.5,0.041887009743085464
100000,865443.0481661423,1000,1.5,0.04174069362466869
100000,908152.9453863049,1000,1.5,0.04159574689897524
100000,952970.5899902193,1000,1.5,0.04145219721718535
100000,1000000.0,1000,1.5,0.04131006966319843
